[2026-02-06 23:16:58] production.ERROR: Target class [config] does not exist. {"exception":"[object] (Illuminate\\Contracts\\Container\\BindingResolutionException(code: 0): Target class [config] does not exist. at C:\\xampp\\htdocs\\pizzeria\\example-app\\vendor\\laravel\\framework\\src\\Illuminate\\Container\\Container.php:914)
[stacktrace]
#0 C:\\xampp\\htdocs\\pizzeria\\example-app\\vendor\\laravel\\framework\\src\\Illuminate\\Container\\Container.php(795): Illuminate\\Container\\Container->build('config')
#1 C:\\xampp\\htdocs\\pizzeria\\example-app\\vendor\\laravel\\framework\\src\\Illuminate\\Foundation\\Application.php(933): Illuminate\\Container\\Container->resolve('config', Array, true)
#2 C:\\xampp\\htdocs\\pizzeria\\example-app\\vendor\\laravel\\framework\\src\\Illuminate\\Container\\Container.php(731): Illuminate\\Foundation\\Application->resolve('config', Array)
#3 C:\\xampp\\htdocs\\pizzeria\\example-app\\vendor\\laravel\\framework\\src\\Illuminate\\Foundation\\Application.php(918): Illuminate\\Container\\Container->make('config', Array)
#4 C:\\xampp\\htdocs\\pizzeria\\example-app\\vendor\\laravel\\framework\\src\\Illuminate\\Foundation\\helpers.php(120): Illuminate\\Foundation\\Application->make('config', Array)
#5 C:\\xampp\\htdocs\\pizzeria\\example-app\\vendor\\laravel\\framework\\src\\Illuminate\\Foundation\\helpers.php(274): app('config')
#6 C:\\xampp\\htdocs\\pizzeria\\example-app\\vendor\\laravel\\sanctum\\src\\Sanctum.php(44): config('app.url')
#7 C:\\xampp\\htdocs\\pizzeria\\example-app\\config\\sanctum.php(21): Laravel\\Sanctum\\Sanctum::currentApplicationUrlWithPort()
#8 C:\\xampp\\htdocs\\pizzeria\\example-app\\vendor\\laravel\\framework\\src\\Illuminate\\Foundation\\Bootstrap\\LoadConfiguration.php(70): require('C:\\\\xampp\\\\htdocs...')
#9 C:\\xampp\\htdocs\\pizzeria\\example-app\\vendor\\laravel\\framework\\src\\Illuminate\\Foundation\\Bootstrap\\LoadConfiguration.php(39): Illuminate\\Foundation\\Bootstrap\\LoadConfiguration->loadConfigurationFiles(Object(Illuminate\\Foundation\\Application), Object(Illuminate\\Config\\Repository))
#10 C:\\xampp\\htdocs\\pizzeria\\example-app\\vendor\\laravel\\framework\\src\\Illuminate\\Foundation\\Application.php(261): Illuminate\\Foundation\\Bootstrap\\LoadConfiguration->bootstrap(Object(Illuminate\\Foundation\\Application))
#11 C:\\xampp\\htdocs\\pizzeria\\example-app\\vendor\\laravel\\framework\\src\\Illuminate\\Foundation\\Console\\Kernel.php(434): Illuminate\\Foundation\\Application->bootstrapWith(Array)
#12 C:\\xampp\\htdocs\\pizzeria\\example-app\\vendor\\laravel\\framework\\src\\Illuminate\\Foundation\\Console\\Kernel.php(198): Illuminate\\Foundation\\Console\\Kernel->bootstrap()
#13 C:\\xampp\\htdocs\\pizzeria\\example-app\\artisan(37): Illuminate\\Foundation\\Console\\Kernel->handle(Object(Symfony\\Component\\Console\\Input\\ArgvInput), Object(Symfony\\Component\\Console\\Output\\ConsoleOutput))
#14 {main}

[previous exception] [object] (ReflectionException(code: -1): Class \"config\" does not exist at C:\\xampp\\htdocs\\pizzeria\\example-app\\vendor\\laravel\\framework\\src\\Illuminate\\Container\\Container.php:912)
[stacktrace]
#0 C:\\xampp\\htdocs\\pizzeria\\example-app\\vendor\\laravel\\framework\\src\\Illuminate\\Container\\Container.php(912): ReflectionClass->__construct('config')
#1 C:\\xampp\\htdocs\\pizzeria\\example-app\\vendor\\laravel\\framework\\src\\Illuminate\\Container\\Container.php(795): Illuminate\\Container\\Container->build('config')
#2 C:\\xampp\\htdocs\\pizzeria\\example-app\\vendor\\laravel\\framework\\src\\Illuminate\\Foundation\\Application.php(933): Illuminate\\Container\\Container->resolve('config', Array, true)
#3 C:\\xampp\\htdocs\\pizzeria\\example-app\\vendor\\laravel\\framework\\src\\Illuminate\\Container\\Container.php(731): Illuminate\\Foundation\\Application->resolve('config', Array)
#4 C:\\xampp\\htdocs\\pizzeria\\example-app\\vendor\\laravel\\framework\\src\\Illuminate\\Foundation\\Application.php(918): Illuminate\\Container\\Container->make('config', Array)
#5 C:\\xampp\\htdocs\\pizzeria\\example-app\\vendor\\laravel\\framework\\src\\Illuminate\\Foundation\\helpers.php(120): Illuminate\\Foundation\\Application->make('config', Array)
#6 C:\\xampp\\htdocs\\pizzeria\\example-app\\vendor\\laravel\\framework\\src\\Illuminate\\Foundation\\helpers.php(274): app('config')
#7 C:\\xampp\\htdocs\\pizzeria\\example-app\\vendor\\laravel\\sanctum\\src\\Sanctum.php(44): config('app.url')
#8 C:\\xampp\\htdocs\\pizzeria\\example-app\\config\\sanctum.php(21): Laravel\\Sanctum\\Sanctum::currentApplicationUrlWithPort()
#9 C:\\xampp\\htdocs\\pizzeria\\example-app\\vendor\\laravel\\framework\\src\\Illuminate\\Foundation\\Bootstrap\\LoadConfiguration.php(70): require('C:\\\\xampp\\\\htdocs...')
#10 C:\\xampp\\htdocs\\pizzeria\\example-app\\vendor\\laravel\\framework\\src\\Illuminate\\Foundation\\Bootstrap\\LoadConfiguration.php(39): Illuminate\\Foundation\\Bootstrap\\LoadConfiguration->loadConfigurationFiles(Object(Illuminate\\Foundation\\Application), Object(Illuminate\\Config\\Repository))
#11 C:\\xampp\\htdocs\\pizzeria\\example-app\\vendor\\laravel\\framework\\src\\Illuminate\\Foundation\\Application.php(261): Illuminate\\Foundation\\Bootstrap\\LoadConfiguration->bootstrap(Object(Illuminate\\Foundation\\Application))
#12 C:\\xampp\\htdocs\\pizzeria\\example-app\\vendor\\laravel\\framework\\src\\Illuminate\\Foundation\\Console\\Kernel.php(434): Illuminate\\Foundation\\Application->bootstrapWith(Array)
#13 C:\\xampp\\htdocs\\pizzeria\\example-app\\vendor\\laravel\\framework\\src\\Illuminate\\Foundation\\Console\\Kernel.php(198): Illuminate\\Foundation\\Console\\Kernel->bootstrap()
#14 C:\\xampp\\htdocs\\pizzeria\\example-app\\artisan(37): Illuminate\\Foundation\\Console\\Kernel->handle(Object(Symfony\\Component\\Console\\Input\\ArgvInput), Object(Symfony\\Component\\Console\\Output\\ConsoleOutput))
#15 {main}
"} 
[2026-02-06 23:19:06] production.ERROR: Target class [config] does not exist. {"exception":"[object] (Illuminate\\Contracts\\Container\\BindingResolutionException(code: 0): Target class [config] does not exist. at C:\\xampp\\htdocs\\pizzeria\\example-app\\vendor\\laravel\\framework\\src\\Illuminate\\Container\\Container.php:914)
[stacktrace]
#0 C:\\xampp\\htdocs\\pizzeria\\example-app\\vendor\\laravel\\framework\\src\\Illuminate\\Container\\Container.php(795): Illuminate\\Container\\Container->build('config')
#1 C:\\xampp\\htdocs\\pizzeria\\example-app\\vendor\\laravel\\framework\\src\\Illuminate\\Foundation\\Application.php(933): Illuminate\\Container\\Container->resolve('config', Array, true)
#2 C:\\xampp\\htdocs\\pizzeria\\example-app\\vendor\\laravel\\framework\\src\\Illuminate\\Container\\Container.php(731): Illuminate\\Foundation\\Application->resolve('config', Array)
#3 C:\\xampp\\htdocs\\pizzeria\\example-app\\vendor\\laravel\\framework\\src\\Illuminate\\Foundation\\Application.php(918): Illuminate\\Container\\Container->make('config', Array)
#4 C:\\xampp\\htdocs\\pizzeria\\example-app\\vendor\\laravel\\framework\\src\\Illuminate\\Foundation\\helpers.php(120): Illuminate\\Foundation\\Application->make('config', Array)
#5 C:\\xampp\\htdocs\\pizzeria\\example-app\\vendor\\laravel\\framework\\src\\Illuminate\\Foundation\\helpers.php(274): app('config')
#6 C:\\xampp\\htdocs\\pizzeria\\example-app\\vendor\\laravel\\sanctum\\src\\Sanctum.php(44): config('app.url')
#7 C:\\xampp\\htdocs\\pizzeria\\example-app\\config\\sanctum.php(21): Laravel\\Sanctum\\Sanctum::currentApplicationUrlWithPort()
#8 C:\\xampp\\htdocs\\pizzeria\\example-app\\vendor\\laravel\\framework\\src\\Illuminate\\Foundation\\Bootstrap\\LoadConfiguration.php(70): require('C:\\\\xampp\\\\htdocs...')
#9 C:\\xampp\\htdocs\\pizzeria\\example-app\\vendor\\laravel\\framework\\src\\Illuminate\\Foundation\\Bootstrap\\LoadConfiguration.php(39): Illuminate\\Foundation\\Bootstrap\\LoadConfiguration->loadConfigurationFiles(Object(Illuminate\\Foundation\\Application), Object(Illuminate\\Config\\Repository))
#10 C:\\xampp\\htdocs\\pizzeria\\example-app\\vendor\\laravel\\framework\\src\\Illuminate\\Foundation\\Application.php(261): Illuminate\\Foundation\\Bootstrap\\LoadConfiguration->bootstrap(Object(Illuminate\\Foundation\\Application))
#11 C:\\xampp\\htdocs\\pizzeria\\example-app\\vendor\\laravel\\framework\\src\\Illuminate\\Foundation\\Console\\Kernel.php(434): Illuminate\\Foundation\\Application->bootstrapWith(Array)
#12 C:\\xampp\\htdocs\\pizzeria\\example-app\\vendor\\laravel\\framework\\src\\Illuminate\\Foundation\\Console\\Kernel.php(198): Illuminate\\Foundation\\Console\\Kernel->bootstrap()
#13 C:\\xampp\\htdocs\\pizzeria\\example-app\\artisan(37): Illuminate\\Foundation\\Console\\Kernel->handle(Object(Symfony\\Component\\Console\\Input\\ArgvInput), Object(Symfony\\Component\\Console\\Output\\ConsoleOutput))
#14 {main}

[previous exception] [object] (ReflectionException(code: -1): Class \"config\" does not exist at C:\\xampp\\htdocs\\pizzeria\\example-app\\vendor\\laravel\\framework\\src\\Illuminate\\Container\\Container.php:912)
[stacktrace]
#0 C:\\xampp\\htdocs\\pizzeria\\example-app\\vendor\\laravel\\framework\\src\\Illuminate\\Container\\Container.php(912): ReflectionClass->__construct('config')
#1 C:\\xampp\\htdocs\\pizzeria\\example-app\\vendor\\laravel\\framework\\src\\Illuminate\\Container\\Container.php(795): Illuminate\\Container\\Container->build('config')
#2 C:\\xampp\\htdocs\\pizzeria\\example-app\\vendor\\laravel\\framework\\src\\Illuminate\\Foundation\\Application.php(933): Illuminate\\Container\\Container->resolve('config', Array, true)
#3 C:\\xampp\\htdocs\\pizzeria\\example-app\\vendor\\laravel\\framework\\src\\Illuminate\\Container\\Container.php(731): Illuminate\\Foundation\\Application->resolve('config', Array)
#4 C:\\xampp\\htdocs\\pizzeria\\example-app\\vendor\\laravel\\framework\\src\\Illuminate\\Foundation\\Application.php(918): Illuminate\\Container\\Container->make('config', Array)
#5 C:\\xampp\\htdocs\\pizzeria\\example-app\\vendor\\laravel\\framework\\src\\Illuminate\\Foundation\\helpers.php(120): Illuminate\\Foundation\\Application->make('config', Array)
#6 C:\\xampp\\htdocs\\pizzeria\\example-app\\vendor\\laravel\\framework\\src\\Illuminate\\Foundation\\helpers.php(274): app('config')
#7 C:\\xampp\\htdocs\\pizzeria\\example-app\\vendor\\laravel\\sanctum\\src\\Sanctum.php(44): config('app.url')
#8 C:\\xampp\\htdocs\\pizzeria\\example-app\\config\\sanctum.php(21): Laravel\\Sanctum\\Sanctum::currentApplicationUrlWithPort()
#9 C:\\xampp\\htdocs\\pizzeria\\example-app\\vendor\\laravel\\framework\\src\\Illuminate\\Foundation\\Bootstrap\\LoadConfiguration.php(70): require('C:\\\\xampp\\\\htdocs...')
#10 C:\\xampp\\htdocs\\pizzeria\\example-app\\vendor\\laravel\\framework\\src\\Illuminate\\Foundation\\Bootstrap\\LoadConfiguration.php(39): Illuminate\\Foundation\\Bootstrap\\LoadConfiguration->loadConfigurationFiles(Object(Illuminate\\Foundation\\Application), Object(Illuminate\\Config\\Repository))
#11 C:\\xampp\\htdocs\\pizzeria\\example-app\\vendor\\laravel\\framework\\src\\Illuminate\\Foundation\\Application.php(261): Illuminate\\Foundation\\Bootstrap\\LoadConfiguration->bootstrap(Object(Illuminate\\Foundation\\Application))
#12 C:\\xampp\\htdocs\\pizzeria\\example-app\\vendor\\laravel\\framework\\src\\Illuminate\\Foundation\\Console\\Kernel.php(434): Illuminate\\Foundation\\Application->bootstrapWith(Array)
#13 C:\\xampp\\htdocs\\pizzeria\\example-app\\vendor\\laravel\\framework\\src\\Illuminate\\Foundation\\Console\\Kernel.php(198): Illuminate\\Foundation\\Console\\Kernel->bootstrap()
#14 C:\\xampp\\htdocs\\pizzeria\\example-app\\artisan(37): Illuminate\\Foundation\\Console\\Kernel->handle(Object(Symfony\\Component\\Console\\Input\\ArgvInput), Object(Symfony\\Component\\Console\\Output\\ConsoleOutput))
#15 {main}
"} 
[2026-02-06 23:23:12] production.ERROR: Target class [config] does not exist. {"exception":"[object] (Illuminate\\Contracts\\Container\\BindingResolutionException(code: 0): Target class [config] does not exist. at C:\\xampp\\htdocs\\pizzeria\\example-app\\vendor\\laravel\\framework\\src\\Illuminate\\Container\\Container.php:914)
[stacktrace]
#0 C:\\xampp\\htdocs\\pizzeria\\example-app\\vendor\\laravel\\framework\\src\\Illuminate\\Container\\Container.php(795): Illuminate\\Container\\Container->build('config')
#1 C:\\xampp\\htdocs\\pizzeria\\example-app\\vendor\\laravel\\framework\\src\\Illuminate\\Foundation\\Application.php(933): Illuminate\\Container\\Container->resolve('config', Array, true)
#2 C:\\xampp\\htdocs\\pizzeria\\example-app\\vendor\\laravel\\framework\\src\\Illuminate\\Container\\Container.php(731): Illuminate\\Foundation\\Application->resolve('config', Array)
#3 C:\\xampp\\htdocs\\pizzeria\\example-app\\vendor\\laravel\\framework\\src\\Illuminate\\Foundation\\Application.php(918): Illuminate\\Container\\Container->make('config', Array)
#4 C:\\xampp\\htdocs\\pizzeria\\example-app\\vendor\\laravel\\framework\\src\\Illuminate\\Foundation\\helpers.php(120): Illuminate\\Foundation\\Application->make('config', Array)
#5 C:\\xampp\\htdocs\\pizzeria\\example-app\\vendor\\laravel\\framework\\src\\Illuminate\\Foundation\\helpers.php(274): app('config')
#6 C:\\xampp\\htdocs\\pizzeria\\example-app\\vendor\\laravel\\sanctum\\src\\Sanctum.php(44): config('app.url')
#7 C:\\xampp\\htdocs\\pizzeria\\example-app\\config\\sanctum.php(21): Laravel\\Sanctum\\Sanctum::currentApplicationUrlWithPort()
#8 C:\\xampp\\htdocs\\pizzeria\\example-app\\vendor\\laravel\\framework\\src\\Illuminate\\Foundation\\Bootstrap\\LoadConfiguration.php(70): require('C:\\\\xampp\\\\htdocs...')
#9 C:\\xampp\\htdocs\\pizzeria\\example-app\\vendor\\laravel\\framework\\src\\Illuminate\\Foundation\\Bootstrap\\LoadConfiguration.php(39): Illuminate\\Foundation\\Bootstrap\\LoadConfiguration->loadConfigurationFiles(Object(Illuminate\\Foundation\\Application), Object(Illuminate\\Config\\Repository))
#10 C:\\xampp\\htdocs\\pizzeria\\example-app\\vendor\\laravel\\framework\\src\\Illuminate\\Foundation\\Application.php(261): Illuminate\\Foundation\\Bootstrap\\LoadConfiguration->bootstrap(Object(Illuminate\\Foundation\\Application))
#11 C:\\xampp\\htdocs\\pizzeria\\example-app\\vendor\\laravel\\framework\\src\\Illuminate\\Foundation\\Console\\Kernel.php(434): Illuminate\\Foundation\\Application->bootstrapWith(Array)
#12 C:\\xampp\\htdocs\\pizzeria\\example-app\\vendor\\laravel\\framework\\src\\Illuminate\\Foundation\\Console\\Kernel.php(198): Illuminate\\Foundation\\Console\\Kernel->bootstrap()
#13 C:\\xampp\\htdocs\\pizzeria\\example-app\\artisan(37): Illuminate\\Foundation\\Console\\Kernel->handle(Object(Symfony\\Component\\Console\\Input\\ArgvInput), Object(Symfony\\Component\\Console\\Output\\ConsoleOutput))
#14 {main}

[previous exception] [object] (ReflectionException(code: -1): Class \"config\" does not exist at C:\\xampp\\htdocs\\pizzeria\\example-app\\vendor\\laravel\\framework\\src\\Illuminate\\Container\\Container.php:912)
[stacktrace]
#0 C:\\xampp\\htdocs\\pizzeria\\example-app\\vendor\\laravel\\framework\\src\\Illuminate\\Container\\Container.php(912): ReflectionClass->__construct('config')
#1 C:\\xampp\\htdocs\\pizzeria\\example-app\\vendor\\laravel\\framework\\src\\Illuminate\\Container\\Container.php(795): Illuminate\\Container\\Container->build('config')
#2 C:\\xampp\\htdocs\\pizzeria\\example-app\\vendor\\laravel\\framework\\src\\Illuminate\\Foundation\\Application.php(933): Illuminate\\Container\\Container->resolve('config', Array, true)
#3 C:\\xampp\\htdocs\\pizzeria\\example-app\\vendor\\laravel\\framework\\src\\Illuminate\\Container\\Container.php(731): Illuminate\\Foundation\\Application->resolve('config', Array)
#4 C:\\xampp\\htdocs\\pizzeria\\example-app\\vendor\\laravel\\framework\\src\\Illuminate\\Foundation\\Application.php(918): Illuminate\\Container\\Container->make('config', Array)
#5 C:\\xampp\\htdocs\\pizzeria\\example-app\\vendor\\laravel\\framework\\src\\Illuminate\\Foundation\\helpers.php(120): Illuminate\\Foundation\\Application->make('config', Array)
#6 C:\\xampp\\htdocs\\pizzeria\\example-app\\vendor\\laravel\\framework\\src\\Illuminate\\Foundation\\helpers.php(274): app('config')
#7 C:\\xampp\\htdocs\\pizzeria\\example-app\\vendor\\laravel\\sanctum\\src\\Sanctum.php(44): config('app.url')
#8 C:\\xampp\\htdocs\\pizzeria\\example-app\\config\\sanctum.php(21): Laravel\\Sanctum\\Sanctum::currentApplicationUrlWithPort()
#9 C:\\xampp\\htdocs\\pizzeria\\example-app\\vendor\\laravel\\framework\\src\\Illuminate\\Foundation\\Bootstrap\\LoadConfiguration.php(70): require('C:\\\\xampp\\\\htdocs...')
#10 C:\\xampp\\htdocs\\pizzeria\\example-app\\vendor\\laravel\\framework\\src\\Illuminate\\Foundation\\Bootstrap\\LoadConfiguration.php(39): Illuminate\\Foundation\\Bootstrap\\LoadConfiguration->loadConfigurationFiles(Object(Illuminate\\Foundation\\Application), Object(Illuminate\\Config\\Repository))
#11 C:\\xampp\\htdocs\\pizzeria\\example-app\\vendor\\laravel\\framework\\src\\Illuminate\\Foundation\\Application.php(261): Illuminate\\Foundation\\Bootstrap\\LoadConfiguration->bootstrap(Object(Illuminate\\Foundation\\Application))
#12 C:\\xampp\\htdocs\\pizzeria\\example-app\\vendor\\laravel\\framework\\src\\Illuminate\\Foundation\\Console\\Kernel.php(434): Illuminate\\Foundation\\Application->bootstrapWith(Array)
#13 C:\\xampp\\htdocs\\pizzeria\\example-app\\vendor\\laravel\\framework\\src\\Illuminate\\Foundation\\Console\\Kernel.php(198): Illuminate\\Foundation\\Console\\Kernel->bootstrap()
#14 C:\\xampp\\htdocs\\pizzeria\\example-app\\artisan(37): Illuminate\\Foundation\\Console\\Kernel->handle(Object(Symfony\\Component\\Console\\Input\\ArgvInput), Object(Symfony\\Component\\Console\\Output\\ConsoleOutput))
#15 {main}
"} 
[2026-02-06 23:23:20] production.ERROR: Target class [config] does not exist. {"exception":"[object] (Illuminate\\Contracts\\Container\\BindingResolutionException(code: 0): Target class [config] does not exist. at C:\\xampp\\htdocs\\pizzeria\\example-app\\vendor\\laravel\\framework\\src\\Illuminate\\Container\\Container.php:914)
[stacktrace]
#0 C:\\xampp\\htdocs\\pizzeria\\example-app\\vendor\\laravel\\framework\\src\\Illuminate\\Container\\Container.php(795): Illuminate\\Container\\Container->build('config')
#1 C:\\xampp\\htdocs\\pizzeria\\example-app\\vendor\\laravel\\framework\\src\\Illuminate\\Foundation\\Application.php(933): Illuminate\\Container\\Container->resolve('config', Array, true)
#2 C:\\xampp\\htdocs\\pizzeria\\example-app\\vendor\\laravel\\framework\\src\\Illuminate\\Container\\Container.php(731): Illuminate\\Foundation\\Application->resolve('config', Array)
#3 C:\\xampp\\htdocs\\pizzeria\\example-app\\vendor\\laravel\\framework\\src\\Illuminate\\Foundation\\Application.php(918): Illuminate\\Container\\Container->make('config', Array)
#4 C:\\xampp\\htdocs\\pizzeria\\example-app\\vendor\\laravel\\framework\\src\\Illuminate\\Foundation\\helpers.php(120): Illuminate\\Foundation\\Application->make('config', Array)
#5 C:\\xampp\\htdocs\\pizzeria\\example-app\\vendor\\laravel\\framework\\src\\Illuminate\\Foundation\\helpers.php(274): app('config')
#6 C:\\xampp\\htdocs\\pizzeria\\example-app\\vendor\\laravel\\sanctum\\src\\Sanctum.php(44): config('app.url')
#7 C:\\xampp\\htdocs\\pizzeria\\example-app\\config\\sanctum.php(21): Laravel\\Sanctum\\Sanctum::currentApplicationUrlWithPort()
#8 C:\\xampp\\htdocs\\pizzeria\\example-app\\vendor\\laravel\\framework\\src\\Illuminate\\Foundation\\Bootstrap\\LoadConfiguration.php(70): require('C:\\\\xampp\\\\htdocs...')
#9 C:\\xampp\\htdocs\\pizzeria\\example-app\\vendor\\laravel\\framework\\src\\Illuminate\\Foundation\\Bootstrap\\LoadConfiguration.php(39): Illuminate\\Foundation\\Bootstrap\\LoadConfiguration->loadConfigurationFiles(Object(Illuminate\\Foundation\\Application), Object(Illuminate\\Config\\Repository))
#10 C:\\xampp\\htdocs\\pizzeria\\example-app\\vendor\\laravel\\framework\\src\\Illuminate\\Foundation\\Application.php(261): Illuminate\\Foundation\\Bootstrap\\LoadConfiguration->bootstrap(Object(Illuminate\\Foundation\\Application))
#11 C:\\xampp\\htdocs\\pizzeria\\example-app\\vendor\\laravel\\framework\\src\\Illuminate\\Foundation\\Console\\Kernel.php(434): Illuminate\\Foundation\\Application->bootstrapWith(Array)
#12 C:\\xampp\\htdocs\\pizzeria\\example-app\\vendor\\laravel\\framework\\src\\Illuminate\\Foundation\\Console\\Kernel.php(198): Illuminate\\Foundation\\Console\\Kernel->bootstrap()
#13 C:\\xampp\\htdocs\\pizzeria\\example-app\\artisan(37): Illuminate\\Foundation\\Console\\Kernel->handle(Object(Symfony\\Component\\Console\\Input\\ArgvInput), Object(Symfony\\Component\\Console\\Output\\ConsoleOutput))
#14 {main}

[previous exception] [object] (ReflectionException(code: -1): Class \"config\" does not exist at C:\\xampp\\htdocs\\pizzeria\\example-app\\vendor\\laravel\\framework\\src\\Illuminate\\Container\\Container.php:912)
[stacktrace]
#0 C:\\xampp\\htdocs\\pizzeria\\example-app\\vendor\\laravel\\framework\\src\\Illuminate\\Container\\Container.php(912): ReflectionClass->__construct('config')
#1 C:\\xampp\\htdocs\\pizzeria\\example-app\\vendor\\laravel\\framework\\src\\Illuminate\\Container\\Container.php(795): Illuminate\\Container\\Container->build('config')
#2 C:\\xampp\\htdocs\\pizzeria\\example-app\\vendor\\laravel\\framework\\src\\Illuminate\\Foundation\\Application.php(933): Illuminate\\Container\\Container->resolve('config', Array, true)
#3 C:\\xampp\\htdocs\\pizzeria\\example-app\\vendor\\laravel\\framework\\src\\Illuminate\\Container\\Container.php(731): Illuminate\\Foundation\\Application->resolve('config', Array)
#4 C:\\xampp\\htdocs\\pizzeria\\example-app\\vendor\\laravel\\framework\\src\\Illuminate\\Foundation\\Application.php(918): Illuminate\\Container\\Container->make('config', Array)
#5 C:\\xampp\\htdocs\\pizzeria\\example-app\\vendor\\laravel\\framework\\src\\Illuminate\\Foundation\\helpers.php(120): Illuminate\\Foundation\\Application->make('config', Array)
#6 C:\\xampp\\htdocs\\pizzeria\\example-app\\vendor\\laravel\\framework\\src\\Illuminate\\Foundation\\helpers.php(274): app('config')
#7 C:\\xampp\\htdocs\\pizzeria\\example-app\\vendor\\laravel\\sanctum\\src\\Sanctum.php(44): config('app.url')
#8 C:\\xampp\\htdocs\\pizzeria\\example-app\\config\\sanctum.php(21): Laravel\\Sanctum\\Sanctum::currentApplicationUrlWithPort()
#9 C:\\xampp\\htdocs\\pizzeria\\example-app\\vendor\\laravel\\framework\\src\\Illuminate\\Foundation\\Bootstrap\\LoadConfiguration.php(70): require('C:\\\\xampp\\\\htdocs...')
#10 C:\\xampp\\htdocs\\pizzeria\\example-app\\vendor\\laravel\\framework\\src\\Illuminate\\Foundation\\Bootstrap\\LoadConfiguration.php(39): Illuminate\\Foundation\\Bootstrap\\LoadConfiguration->loadConfigurationFiles(Object(Illuminate\\Foundation\\Application), Object(Illuminate\\Config\\Repository))
#11 C:\\xampp\\htdocs\\pizzeria\\example-app\\vendor\\laravel\\framework\\src\\Illuminate\\Foundation\\Application.php(261): Illuminate\\Foundation\\Bootstrap\\LoadConfiguration->bootstrap(Object(Illuminate\\Foundation\\Application))
#12 C:\\xampp\\htdocs\\pizzeria\\example-app\\vendor\\laravel\\framework\\src\\Illuminate\\Foundation\\Console\\Kernel.php(434): Illuminate\\Foundation\\Application->bootstrapWith(Array)
#13 C:\\xampp\\htdocs\\pizzeria\\example-app\\vendor\\laravel\\framework\\src\\Illuminate\\Foundation\\Console\\Kernel.php(198): Illuminate\\Foundation\\Console\\Kernel->bootstrap()
#14 C:\\xampp\\htdocs\\pizzeria\\example-app\\artisan(37): Illuminate\\Foundation\\Console\\Kernel->handle(Object(Symfony\\Component\\Console\\Input\\ArgvInput), Object(Symfony\\Component\\Console\\Output\\ConsoleOutput))
#15 {main}
"} 
[2026-02-06 23:23:33] production.ERROR: Target class [config] does not exist. {"exception":"[object] (Illuminate\\Contracts\\Container\\BindingResolutionException(code: 0): Target class [config] does not exist. at C:\\xampp\\htdocs\\pizzeria\\example-app\\vendor\\laravel\\framework\\src\\Illuminate\\Container\\Container.php:914)
[stacktrace]
#0 C:\\xampp\\htdocs\\pizzeria\\example-app\\vendor\\laravel\\framework\\src\\Illuminate\\Container\\Container.php(795): Illuminate\\Container\\Container->build('config')
#1 C:\\xampp\\htdocs\\pizzeria\\example-app\\vendor\\laravel\\framework\\src\\Illuminate\\Foundation\\Application.php(933): Illuminate\\Container\\Container->resolve('config', Array, true)
#2 C:\\xampp\\htdocs\\pizzeria\\example-app\\vendor\\laravel\\framework\\src\\Illuminate\\Container\\Container.php(731): Illuminate\\Foundation\\Application->resolve('config', Array)
#3 C:\\xampp\\htdocs\\pizzeria\\example-app\\vendor\\laravel\\framework\\src\\Illuminate\\Foundation\\Application.php(918): Illuminate\\Container\\Container->make('config', Array)
#4 C:\\xampp\\htdocs\\pizzeria\\example-app\\vendor\\laravel\\framework\\src\\Illuminate\\Foundation\\helpers.php(120): Illuminate\\Foundation\\Application->make('config', Array)
#5 C:\\xampp\\htdocs\\pizzeria\\example-app\\vendor\\laravel\\framework\\src\\Illuminate\\Foundation\\helpers.php(274): app('config')
#6 C:\\xampp\\htdocs\\pizzeria\\example-app\\vendor\\laravel\\sanctum\\src\\Sanctum.php(44): config('app.url')
#7 C:\\xampp\\htdocs\\pizzeria\\example-app\\config\\sanctum.php(21): Laravel\\Sanctum\\Sanctum::currentApplicationUrlWithPort()
#8 C:\\xampp\\htdocs\\pizzeria\\example-app\\vendor\\laravel\\framework\\src\\Illuminate\\Foundation\\Bootstrap\\LoadConfiguration.php(70): require('C:\\\\xampp\\\\htdocs...')
#9 C:\\xampp\\htdocs\\pizzeria\\example-app\\vendor\\laravel\\framework\\src\\Illuminate\\Foundation\\Bootstrap\\LoadConfiguration.php(39): Illuminate\\Foundation\\Bootstrap\\LoadConfiguration->loadConfigurationFiles(Object(Illuminate\\Foundation\\Application), Object(Illuminate\\Config\\Repository))
#10 C:\\xampp\\htdocs\\pizzeria\\example-app\\vendor\\laravel\\framework\\src\\Illuminate\\Foundation\\Application.php(261): Illuminate\\Foundation\\Bootstrap\\LoadConfiguration->bootstrap(Object(Illuminate\\Foundation\\Application))
#11 C:\\xampp\\htdocs\\pizzeria\\example-app\\vendor\\laravel\\framework\\src\\Illuminate\\Foundation\\Console\\Kernel.php(434): Illuminate\\Foundation\\Application->bootstrapWith(Array)
#12 C:\\xampp\\htdocs\\pizzeria\\example-app\\vendor\\laravel\\framework\\src\\Illuminate\\Foundation\\Console\\Kernel.php(198): Illuminate\\Foundation\\Console\\Kernel->bootstrap()
#13 C:\\xampp\\htdocs\\pizzeria\\example-app\\artisan(37): Illuminate\\Foundation\\Console\\Kernel->handle(Object(Symfony\\Component\\Console\\Input\\ArgvInput), Object(Symfony\\Component\\Console\\Output\\ConsoleOutput))
#14 {main}

[previous exception] [object] (ReflectionException(code: -1): Class \"config\" does not exist at C:\\xampp\\htdocs\\pizzeria\\example-app\\vendor\\laravel\\framework\\src\\Illuminate\\Container\\Container.php:912)
[stacktrace]
#0 C:\\xampp\\htdocs\\pizzeria\\example-app\\vendor\\laravel\\framework\\src\\Illuminate\\Container\\Container.php(912): ReflectionClass->__construct('config')
#1 C:\\xampp\\htdocs\\pizzeria\\example-app\\vendor\\laravel\\framework\\src\\Illuminate\\Container\\Container.php(795): Illuminate\\Container\\Container->build('config')
#2 C:\\xampp\\htdocs\\pizzeria\\example-app\\vendor\\laravel\\framework\\src\\Illuminate\\Foundation\\Application.php(933): Illuminate\\Container\\Container->resolve('config', Array, true)
#3 C:\\xampp\\htdocs\\pizzeria\\example-app\\vendor\\laravel\\framework\\src\\Illuminate\\Container\\Container.php(731): Illuminate\\Foundation\\Application->resolve('config', Array)
#4 C:\\xampp\\htdocs\\pizzeria\\example-app\\vendor\\laravel\\framework\\src\\Illuminate\\Foundation\\Application.php(918): Illuminate\\Container\\Container->make('config', Array)
#5 C:\\xampp\\htdocs\\pizzeria\\example-app\\vendor\\laravel\\framework\\src\\Illuminate\\Foundation\\helpers.php(120): Illuminate\\Foundation\\Application->make('config', Array)
#6 C:\\xampp\\htdocs\\pizzeria\\example-app\\vendor\\laravel\\framework\\src\\Illuminate\\Foundation\\helpers.php(274): app('config')
#7 C:\\xampp\\htdocs\\pizzeria\\example-app\\vendor\\laravel\\sanctum\\src\\Sanctum.php(44): config('app.url')
#8 C:\\xampp\\htdocs\\pizzeria\\example-app\\config\\sanctum.php(21): Laravel\\Sanctum\\Sanctum::currentApplicationUrlWithPort()
#9 C:\\xampp\\htdocs\\pizzeria\\example-app\\vendor\\laravel\\framework\\src\\Illuminate\\Foundation\\Bootstrap\\LoadConfiguration.php(70): require('C:\\\\xampp\\\\htdocs...')
#10 C:\\xampp\\htdocs\\pizzeria\\example-app\\vendor\\laravel\\framework\\src\\Illuminate\\Foundation\\Bootstrap\\LoadConfiguration.php(39): Illuminate\\Foundation\\Bootstrap\\LoadConfiguration->loadConfigurationFiles(Object(Illuminate\\Foundation\\Application), Object(Illuminate\\Config\\Repository))
#11 C:\\xampp\\htdocs\\pizzeria\\example-app\\vendor\\laravel\\framework\\src\\Illuminate\\Foundation\\Application.php(261): Illuminate\\Foundation\\Bootstrap\\LoadConfiguration->bootstrap(Object(Illuminate\\Foundation\\Application))
#12 C:\\xampp\\htdocs\\pizzeria\\example-app\\vendor\\laravel\\framework\\src\\Illuminate\\Foundation\\Console\\Kernel.php(434): Illuminate\\Foundation\\Application->bootstrapWith(Array)
#13 C:\\xampp\\htdocs\\pizzeria\\example-app\\vendor\\laravel\\framework\\src\\Illuminate\\Foundation\\Console\\Kernel.php(198): Illuminate\\Foundation\\Console\\Kernel->bootstrap()
#14 C:\\xampp\\htdocs\\pizzeria\\example-app\\artisan(37): Illuminate\\Foundation\\Console\\Kernel->handle(Object(Symfony\\Component\\Console\\Input\\ArgvInput), Object(Symfony\\Component\\Console\\Output\\ConsoleOutput))
#15 {main}
"} 
[2026-02-06 23:23:34] production.ERROR: Target class [config] does not exist. {"exception":"[object] (Illuminate\\Contracts\\Container\\BindingResolutionException(code: 0): Target class [config] does not exist. at C:\\xampp\\htdocs\\pizzeria\\example-app\\vendor\\laravel\\framework\\src\\Illuminate\\Container\\Container.php:914)
[stacktrace]
#0 C:\\xampp\\htdocs\\pizzeria\\example-app\\vendor\\laravel\\framework\\src\\Illuminate\\Container\\Container.php(795): Illuminate\\Container\\Container->build('config')
#1 C:\\xampp\\htdocs\\pizzeria\\example-app\\vendor\\laravel\\framework\\src\\Illuminate\\Foundation\\Application.php(933): Illuminate\\Container\\Container->resolve('config', Array, true)
#2 C:\\xampp\\htdocs\\pizzeria\\example-app\\vendor\\laravel\\framework\\src\\Illuminate\\Container\\Container.php(731): Illuminate\\Foundation\\Application->resolve('config', Array)
#3 C:\\xampp\\htdocs\\pizzeria\\example-app\\vendor\\laravel\\framework\\src\\Illuminate\\Foundation\\Application.php(918): Illuminate\\Container\\Container->make('config', Array)
#4 C:\\xampp\\htdocs\\pizzeria\\example-app\\vendor\\laravel\\framework\\src\\Illuminate\\Foundation\\helpers.php(120): Illuminate\\Foundation\\Application->make('config', Array)
#5 C:\\xampp\\htdocs\\pizzeria\\example-app\\vendor\\laravel\\framework\\src\\Illuminate\\Foundation\\helpers.php(274): app('config')
#6 C:\\xampp\\htdocs\\pizzeria\\example-app\\vendor\\laravel\\sanctum\\src\\Sanctum.php(44): config('app.url')
#7 C:\\xampp\\htdocs\\pizzeria\\example-app\\config\\sanctum.php(21): Laravel\\Sanctum\\Sanctum::currentApplicationUrlWithPort()
#8 C:\\xampp\\htdocs\\pizzeria\\example-app\\vendor\\laravel\\framework\\src\\Illuminate\\Foundation\\Bootstrap\\LoadConfiguration.php(70): require('C:\\\\xampp\\\\htdocs...')
#9 C:\\xampp\\htdocs\\pizzeria\\example-app\\vendor\\laravel\\framework\\src\\Illuminate\\Foundation\\Bootstrap\\LoadConfiguration.php(39): Illuminate\\Foundation\\Bootstrap\\LoadConfiguration->loadConfigurationFiles(Object(Illuminate\\Foundation\\Application), Object(Illuminate\\Config\\Repository))
#10 C:\\xampp\\htdocs\\pizzeria\\example-app\\vendor\\laravel\\framework\\src\\Illuminate\\Foundation\\Application.php(261): Illuminate\\Foundation\\Bootstrap\\LoadConfiguration->bootstrap(Object(Illuminate\\Foundation\\Application))
#11 C:\\xampp\\htdocs\\pizzeria\\example-app\\vendor\\laravel\\framework\\src\\Illuminate\\Foundation\\Console\\Kernel.php(434): Illuminate\\Foundation\\Application->bootstrapWith(Array)
#12 C:\\xampp\\htdocs\\pizzeria\\example-app\\vendor\\laravel\\framework\\src\\Illuminate\\Foundation\\Console\\Kernel.php(198): Illuminate\\Foundation\\Console\\Kernel->bootstrap()
#13 C:\\xampp\\htdocs\\pizzeria\\example-app\\artisan(37): Illuminate\\Foundation\\Console\\Kernel->handle(Object(Symfony\\Component\\Console\\Input\\ArgvInput), Object(Symfony\\Component\\Console\\Output\\ConsoleOutput))
#14 {main}

[previous exception] [object] (ReflectionException(code: -1): Class \"config\" does not exist at C:\\xampp\\htdocs\\pizzeria\\example-app\\vendor\\laravel\\framework\\src\\Illuminate\\Container\\Container.php:912)
[stacktrace]
#0 C:\\xampp\\htdocs\\pizzeria\\example-app\\vendor\\laravel\\framework\\src\\Illuminate\\Container\\Container.php(912): ReflectionClass->__construct('config')
#1 C:\\xampp\\htdocs\\pizzeria\\example-app\\vendor\\laravel\\framework\\src\\Illuminate\\Container\\Container.php(795): Illuminate\\Container\\Container->build('config')
#2 C:\\xampp\\htdocs\\pizzeria\\example-app\\vendor\\laravel\\framework\\src\\Illuminate\\Foundation\\Application.php(933): Illuminate\\Container\\Container->resolve('config', Array, true)
#3 C:\\xampp\\htdocs\\pizzeria\\example-app\\vendor\\laravel\\framework\\src\\Illuminate\\Container\\Container.php(731): Illuminate\\Foundation\\Application->resolve('config', Array)
#4 C:\\xampp\\htdocs\\pizzeria\\example-app\\vendor\\laravel\\framework\\src\\Illuminate\\Foundation\\Application.php(918): Illuminate\\Container\\Container->make('config', Array)
#5 C:\\xampp\\htdocs\\pizzeria\\example-app\\vendor\\laravel\\framework\\src\\Illuminate\\Foundation\\helpers.php(120): Illuminate\\Foundation\\Application->make('config', Array)
#6 C:\\xampp\\htdocs\\pizzeria\\example-app\\vendor\\laravel\\framework\\src\\Illuminate\\Foundation\\helpers.php(274): app('config')
#7 C:\\xampp\\htdocs\\pizzeria\\example-app\\vendor\\laravel\\sanctum\\src\\Sanctum.php(44): config('app.url')
#8 C:\\xampp\\htdocs\\pizzeria\\example-app\\config\\sanctum.php(21): Laravel\\Sanctum\\Sanctum::currentApplicationUrlWithPort()
#9 C:\\xampp\\htdocs\\pizzeria\\example-app\\vendor\\laravel\\framework\\src\\Illuminate\\Foundation\\Bootstrap\\LoadConfiguration.php(70): require('C:\\\\xampp\\\\htdocs...')
#10 C:\\xampp\\htdocs\\pizzeria\\example-app\\vendor\\laravel\\framework\\src\\Illuminate\\Foundation\\Bootstrap\\LoadConfiguration.php(39): Illuminate\\Foundation\\Bootstrap\\LoadConfiguration->loadConfigurationFiles(Object(Illuminate\\Foundation\\Application), Object(Illuminate\\Config\\Repository))
#11 C:\\xampp\\htdocs\\pizzeria\\example-app\\vendor\\laravel\\framework\\src\\Illuminate\\Foundation\\Application.php(261): Illuminate\\Foundation\\Bootstrap\\LoadConfiguration->bootstrap(Object(Illuminate\\Foundation\\Application))
#12 C:\\xampp\\htdocs\\pizzeria\\example-app\\vendor\\laravel\\framework\\src\\Illuminate\\Foundation\\Console\\Kernel.php(434): Illuminate\\Foundation\\Application->bootstrapWith(Array)
#13 C:\\xampp\\htdocs\\pizzeria\\example-app\\vendor\\laravel\\framework\\src\\Illuminate\\Foundation\\Console\\Kernel.php(198): Illuminate\\Foundation\\Console\\Kernel->bootstrap()
#14 C:\\xampp\\htdocs\\pizzeria\\example-app\\artisan(37): Illuminate\\Foundation\\Console\\Kernel->handle(Object(Symfony\\Component\\Console\\Input\\ArgvInput), Object(Symfony\\Component\\Console\\Output\\ConsoleOutput))
#15 {main}
"} 
[2026-02-06 23:23:34] production.ERROR: Target class [config] does not exist. {"exception":"[object] (Illuminate\\Contracts\\Container\\BindingResolutionException(code: 0): Target class [config] does not exist. at C:\\xampp\\htdocs\\pizzeria\\example-app\\vendor\\laravel\\framework\\src\\Illuminate\\Container\\Container.php:914)
[stacktrace]
#0 C:\\xampp\\htdocs\\pizzeria\\example-app\\vendor\\laravel\\framework\\src\\Illuminate\\Container\\Container.php(795): Illuminate\\Container\\Container->build('config')
#1 C:\\xampp\\htdocs\\pizzeria\\example-app\\vendor\\laravel\\framework\\src\\Illuminate\\Foundation\\Application.php(933): Illuminate\\Container\\Container->resolve('config', Array, true)
#2 C:\\xampp\\htdocs\\pizzeria\\example-app\\vendor\\laravel\\framework\\src\\Illuminate\\Container\\Container.php(731): Illuminate\\Foundation\\Application->resolve('config', Array)
#3 C:\\xampp\\htdocs\\pizzeria\\example-app\\vendor\\laravel\\framework\\src\\Illuminate\\Foundation\\Application.php(918): Illuminate\\Container\\Container->make('config', Array)
#4 C:\\xampp\\htdocs\\pizzeria\\example-app\\vendor\\laravel\\framework\\src\\Illuminate\\Foundation\\helpers.php(120): Illuminate\\Foundation\\Application->make('config', Array)
#5 C:\\xampp\\htdocs\\pizzeria\\example-app\\vendor\\laravel\\framework\\src\\Illuminate\\Foundation\\helpers.php(274): app('config')
#6 C:\\xampp\\htdocs\\pizzeria\\example-app\\vendor\\laravel\\sanctum\\src\\Sanctum.php(44): config('app.url')
#7 C:\\xampp\\htdocs\\pizzeria\\example-app\\config\\sanctum.php(21): Laravel\\Sanctum\\Sanctum::currentApplicationUrlWithPort()
#8 C:\\xampp\\htdocs\\pizzeria\\example-app\\vendor\\laravel\\framework\\src\\Illuminate\\Foundation\\Bootstrap\\LoadConfiguration.php(70): require('C:\\\\xampp\\\\htdocs...')
#9 C:\\xampp\\htdocs\\pizzeria\\example-app\\vendor\\laravel\\framework\\src\\Illuminate\\Foundation\\Bootstrap\\LoadConfiguration.php(39): Illuminate\\Foundation\\Bootstrap\\LoadConfiguration->loadConfigurationFiles(Object(Illuminate\\Foundation\\Application), Object(Illuminate\\Config\\Repository))
#10 C:\\xampp\\htdocs\\pizzeria\\example-app\\vendor\\laravel\\framework\\src\\Illuminate\\Foundation\\Application.php(261): Illuminate\\Foundation\\Bootstrap\\LoadConfiguration->bootstrap(Object(Illuminate\\Foundation\\Application))
#11 C:\\xampp\\htdocs\\pizzeria\\example-app\\vendor\\laravel\\framework\\src\\Illuminate\\Foundation\\Console\\Kernel.php(434): Illuminate\\Foundation\\Application->bootstrapWith(Array)
#12 C:\\xampp\\htdocs\\pizzeria\\example-app\\vendor\\laravel\\framework\\src\\Illuminate\\Foundation\\Console\\Kernel.php(198): Illuminate\\Foundation\\Console\\Kernel->bootstrap()
#13 C:\\xampp\\htdocs\\pizzeria\\example-app\\artisan(37): Illuminate\\Foundation\\Console\\Kernel->handle(Object(Symfony\\Component\\Console\\Input\\ArgvInput), Object(Symfony\\Component\\Console\\Output\\ConsoleOutput))
#14 {main}

[previous exception] [object] (ReflectionException(code: -1): Class \"config\" does not exist at C:\\xampp\\htdocs\\pizzeria\\example-app\\vendor\\laravel\\framework\\src\\Illuminate\\Container\\Container.php:912)
[stacktrace]
#0 C:\\xampp\\htdocs\\pizzeria\\example-app\\vendor\\laravel\\framework\\src\\Illuminate\\Container\\Container.php(912): ReflectionClass->__construct('config')
#1 C:\\xampp\\htdocs\\pizzeria\\example-app\\vendor\\laravel\\framework\\src\\Illuminate\\Container\\Container.php(795): Illuminate\\Container\\Container->build('config')
#2 C:\\xampp\\htdocs\\pizzeria\\example-app\\vendor\\laravel\\framework\\src\\Illuminate\\Foundation\\Application.php(933): Illuminate\\Container\\Container->resolve('config', Array, true)
#3 C:\\xampp\\htdocs\\pizzeria\\example-app\\vendor\\laravel\\framework\\src\\Illuminate\\Container\\Container.php(731): Illuminate\\Foundation\\Application->resolve('config', Array)
#4 C:\\xampp\\htdocs\\pizzeria\\example-app\\vendor\\laravel\\framework\\src\\Illuminate\\Foundation\\Application.php(918): Illuminate\\Container\\Container->make('config', Array)
#5 C:\\xampp\\htdocs\\pizzeria\\example-app\\vendor\\laravel\\framework\\src\\Illuminate\\Foundation\\helpers.php(120): Illuminate\\Foundation\\Application->make('config', Array)
#6 C:\\xampp\\htdocs\\pizzeria\\example-app\\vendor\\laravel\\framework\\src\\Illuminate\\Foundation\\helpers.php(274): app('config')
#7 C:\\xampp\\htdocs\\pizzeria\\example-app\\vendor\\laravel\\sanctum\\src\\Sanctum.php(44): config('app.url')
#8 C:\\xampp\\htdocs\\pizzeria\\example-app\\config\\sanctum.php(21): Laravel\\Sanctum\\Sanctum::currentApplicationUrlWithPort()
#9 C:\\xampp\\htdocs\\pizzeria\\example-app\\vendor\\laravel\\framework\\src\\Illuminate\\Foundation\\Bootstrap\\LoadConfiguration.php(70): require('C:\\\\xampp\\\\htdocs...')
#10 C:\\xampp\\htdocs\\pizzeria\\example-app\\vendor\\laravel\\framework\\src\\Illuminate\\Foundation\\Bootstrap\\LoadConfiguration.php(39): Illuminate\\Foundation\\Bootstrap\\LoadConfiguration->loadConfigurationFiles(Object(Illuminate\\Foundation\\Application), Object(Illuminate\\Config\\Repository))
#11 C:\\xampp\\htdocs\\pizzeria\\example-app\\vendor\\laravel\\framework\\src\\Illuminate\\Foundation\\Application.php(261): Illuminate\\Foundation\\Bootstrap\\LoadConfiguration->bootstrap(Object(Illuminate\\Foundation\\Application))
#12 C:\\xampp\\htdocs\\pizzeria\\example-app\\vendor\\laravel\\framework\\src\\Illuminate\\Foundation\\Console\\Kernel.php(434): Illuminate\\Foundation\\Application->bootstrapWith(Array)
#13 C:\\xampp\\htdocs\\pizzeria\\example-app\\vendor\\laravel\\framework\\src\\Illuminate\\Foundation\\Console\\Kernel.php(198): Illuminate\\Foundation\\Console\\Kernel->bootstrap()
#14 C:\\xampp\\htdocs\\pizzeria\\example-app\\artisan(37): Illuminate\\Foundation\\Console\\Kernel->handle(Object(Symfony\\Component\\Console\\Input\\ArgvInput), Object(Symfony\\Component\\Console\\Output\\ConsoleOutput))
#15 {main}
"} 
[2026-02-06 23:28:57] production.ERROR: Target class [config] does not exist. {"exception":"[object] (Illuminate\\Contracts\\Container\\BindingResolutionException(code: 0): Target class [config] does not exist. at C:\\xampp\\htdocs\\pizzeria\\example-app\\vendor\\laravel\\framework\\src\\Illuminate\\Container\\Container.php:914)
[stacktrace]
#0 C:\\xampp\\htdocs\\pizzeria\\example-app\\vendor\\laravel\\framework\\src\\Illuminate\\Container\\Container.php(795): Illuminate\\Container\\Container->build('config')
#1 C:\\xampp\\htdocs\\pizzeria\\example-app\\vendor\\laravel\\framework\\src\\Illuminate\\Foundation\\Application.php(933): Illuminate\\Container\\Container->resolve('config', Array, true)
#2 C:\\xampp\\htdocs\\pizzeria\\example-app\\vendor\\laravel\\framework\\src\\Illuminate\\Container\\Container.php(731): Illuminate\\Foundation\\Application->resolve('config', Array)
#3 C:\\xampp\\htdocs\\pizzeria\\example-app\\vendor\\laravel\\framework\\src\\Illuminate\\Foundation\\Application.php(918): Illuminate\\Container\\Container->make('config', Array)
#4 C:\\xampp\\htdocs\\pizzeria\\example-app\\vendor\\laravel\\framework\\src\\Illuminate\\Foundation\\helpers.php(120): Illuminate\\Foundation\\Application->make('config', Array)
#5 C:\\xampp\\htdocs\\pizzeria\\example-app\\vendor\\laravel\\framework\\src\\Illuminate\\Foundation\\helpers.php(274): app('config')
#6 C:\\xampp\\htdocs\\pizzeria\\example-app\\vendor\\laravel\\sanctum\\src\\Sanctum.php(44): config('app.url')
#7 C:\\xampp\\htdocs\\pizzeria\\example-app\\config\\sanctum.php(21): Laravel\\Sanctum\\Sanctum::currentApplicationUrlWithPort()
#8 C:\\xampp\\htdocs\\pizzeria\\example-app\\vendor\\laravel\\framework\\src\\Illuminate\\Foundation\\Bootstrap\\LoadConfiguration.php(70): require('C:\\\\xampp\\\\htdocs...')
#9 C:\\xampp\\htdocs\\pizzeria\\example-app\\vendor\\laravel\\framework\\src\\Illuminate\\Foundation\\Bootstrap\\LoadConfiguration.php(39): Illuminate\\Foundation\\Bootstrap\\LoadConfiguration->loadConfigurationFiles(Object(Illuminate\\Foundation\\Application), Object(Illuminate\\Config\\Repository))
#10 C:\\xampp\\htdocs\\pizzeria\\example-app\\vendor\\laravel\\framework\\src\\Illuminate\\Foundation\\Application.php(261): Illuminate\\Foundation\\Bootstrap\\LoadConfiguration->bootstrap(Object(Illuminate\\Foundation\\Application))
#11 C:\\xampp\\htdocs\\pizzeria\\example-app\\vendor\\laravel\\framework\\src\\Illuminate\\Foundation\\Console\\Kernel.php(434): Illuminate\\Foundation\\Application->bootstrapWith(Array)
#12 C:\\xampp\\htdocs\\pizzeria\\example-app\\vendor\\laravel\\framework\\src\\Illuminate\\Foundation\\Console\\Kernel.php(198): Illuminate\\Foundation\\Console\\Kernel->bootstrap()
#13 C:\\xampp\\htdocs\\pizzeria\\example-app\\artisan(37): Illuminate\\Foundation\\Console\\Kernel->handle(Object(Symfony\\Component\\Console\\Input\\ArgvInput), Object(Symfony\\Component\\Console\\Output\\ConsoleOutput))
#14 {main}

[previous exception] [object] (ReflectionException(code: -1): Class \"config\" does not exist at C:\\xampp\\htdocs\\pizzeria\\example-app\\vendor\\laravel\\framework\\src\\Illuminate\\Container\\Container.php:912)
[stacktrace]
#0 C:\\xampp\\htdocs\\pizzeria\\example-app\\vendor\\laravel\\framework\\src\\Illuminate\\Container\\Container.php(912): ReflectionClass->__construct('config')
#1 C:\\xampp\\htdocs\\pizzeria\\example-app\\vendor\\laravel\\framework\\src\\Illuminate\\Container\\Container.php(795): Illuminate\\Container\\Container->build('config')
#2 C:\\xampp\\htdocs\\pizzeria\\example-app\\vendor\\laravel\\framework\\src\\Illuminate\\Foundation\\Application.php(933): Illuminate\\Container\\Container->resolve('config', Array, true)
#3 C:\\xampp\\htdocs\\pizzeria\\example-app\\vendor\\laravel\\framework\\src\\Illuminate\\Container\\Container.php(731): Illuminate\\Foundation\\Application->resolve('config', Array)
#4 C:\\xampp\\htdocs\\pizzeria\\example-app\\vendor\\laravel\\framework\\src\\Illuminate\\Foundation\\Application.php(918): Illuminate\\Container\\Container->make('config', Array)
#5 C:\\xampp\\htdocs\\pizzeria\\example-app\\vendor\\laravel\\framework\\src\\Illuminate\\Foundation\\helpers.php(120): Illuminate\\Foundation\\Application->make('config', Array)
#6 C:\\xampp\\htdocs\\pizzeria\\example-app\\vendor\\laravel\\framework\\src\\Illuminate\\Foundation\\helpers.php(274): app('config')
#7 C:\\xampp\\htdocs\\pizzeria\\example-app\\vendor\\laravel\\sanctum\\src\\Sanctum.php(44): config('app.url')
#8 C:\\xampp\\htdocs\\pizzeria\\example-app\\config\\sanctum.php(21): Laravel\\Sanctum\\Sanctum::currentApplicationUrlWithPort()
#9 C:\\xampp\\htdocs\\pizzeria\\example-app\\vendor\\laravel\\framework\\src\\Illuminate\\Foundation\\Bootstrap\\LoadConfiguration.php(70): require('C:\\\\xampp\\\\htdocs...')
#10 C:\\xampp\\htdocs\\pizzeria\\example-app\\vendor\\laravel\\framework\\src\\Illuminate\\Foundation\\Bootstrap\\LoadConfiguration.php(39): Illuminate\\Foundation\\Bootstrap\\LoadConfiguration->loadConfigurationFiles(Object(Illuminate\\Foundation\\Application), Object(Illuminate\\Config\\Repository))
#11 C:\\xampp\\htdocs\\pizzeria\\example-app\\vendor\\laravel\\framework\\src\\Illuminate\\Foundation\\Application.php(261): Illuminate\\Foundation\\Bootstrap\\LoadConfiguration->bootstrap(Object(Illuminate\\Foundation\\Application))
#12 C:\\xampp\\htdocs\\pizzeria\\example-app\\vendor\\laravel\\framework\\src\\Illuminate\\Foundation\\Console\\Kernel.php(434): Illuminate\\Foundation\\Application->bootstrapWith(Array)
#13 C:\\xampp\\htdocs\\pizzeria\\example-app\\vendor\\laravel\\framework\\src\\Illuminate\\Foundation\\Console\\Kernel.php(198): Illuminate\\Foundation\\Console\\Kernel->bootstrap()
#14 C:\\xampp\\htdocs\\pizzeria\\example-app\\artisan(37): Illuminate\\Foundation\\Console\\Kernel->handle(Object(Symfony\\Component\\Console\\Input\\ArgvInput), Object(Symfony\\Component\\Console\\Output\\ConsoleOutput))
#15 {main}
"} 
[2026-02-06 23:30:08] production.ERROR: Target class [config] does not exist. {"exception":"[object] (Illuminate\\Contracts\\Container\\BindingResolutionException(code: 0): Target class [config] does not exist. at C:\\xampp\\htdocs\\pizzeria\\example-app\\vendor\\laravel\\framework\\src\\Illuminate\\Container\\Container.php:914)
[stacktrace]
#0 C:\\xampp\\htdocs\\pizzeria\\example-app\\vendor\\laravel\\framework\\src\\Illuminate\\Container\\Container.php(795): Illuminate\\Container\\Container->build('config')
#1 C:\\xampp\\htdocs\\pizzeria\\example-app\\vendor\\laravel\\framework\\src\\Illuminate\\Foundation\\Application.php(933): Illuminate\\Container\\Container->resolve('config', Array, true)
#2 C:\\xampp\\htdocs\\pizzeria\\example-app\\vendor\\laravel\\framework\\src\\Illuminate\\Container\\Container.php(731): Illuminate\\Foundation\\Application->resolve('config', Array)
#3 C:\\xampp\\htdocs\\pizzeria\\example-app\\vendor\\laravel\\framework\\src\\Illuminate\\Foundation\\Application.php(918): Illuminate\\Container\\Container->make('config', Array)
#4 C:\\xampp\\htdocs\\pizzeria\\example-app\\vendor\\laravel\\framework\\src\\Illuminate\\Foundation\\helpers.php(120): Illuminate\\Foundation\\Application->make('config', Array)
#5 C:\\xampp\\htdocs\\pizzeria\\example-app\\vendor\\laravel\\framework\\src\\Illuminate\\Foundation\\helpers.php(274): app('config')
#6 C:\\xampp\\htdocs\\pizzeria\\example-app\\vendor\\laravel\\sanctum\\src\\Sanctum.php(44): config('app.url')
#7 C:\\xampp\\htdocs\\pizzeria\\example-app\\config\\sanctum.php(21): Laravel\\Sanctum\\Sanctum::currentApplicationUrlWithPort()
#8 C:\\xampp\\htdocs\\pizzeria\\example-app\\vendor\\laravel\\framework\\src\\Illuminate\\Foundation\\Bootstrap\\LoadConfiguration.php(70): require('C:\\\\xampp\\\\htdocs...')
#9 C:\\xampp\\htdocs\\pizzeria\\example-app\\vendor\\laravel\\framework\\src\\Illuminate\\Foundation\\Bootstrap\\LoadConfiguration.php(39): Illuminate\\Foundation\\Bootstrap\\LoadConfiguration->loadConfigurationFiles(Object(Illuminate\\Foundation\\Application), Object(Illuminate\\Config\\Repository))
#10 C:\\xampp\\htdocs\\pizzeria\\example-app\\vendor\\laravel\\framework\\src\\Illuminate\\Foundation\\Application.php(261): Illuminate\\Foundation\\Bootstrap\\LoadConfiguration->bootstrap(Object(Illuminate\\Foundation\\Application))
#11 C:\\xampp\\htdocs\\pizzeria\\example-app\\vendor\\laravel\\framework\\src\\Illuminate\\Foundation\\Console\\Kernel.php(434): Illuminate\\Foundation\\Application->bootstrapWith(Array)
#12 C:\\xampp\\htdocs\\pizzeria\\example-app\\vendor\\laravel\\framework\\src\\Illuminate\\Foundation\\Console\\Kernel.php(198): Illuminate\\Foundation\\Console\\Kernel->bootstrap()
#13 C:\\xampp\\htdocs\\pizzeria\\example-app\\artisan(37): Illuminate\\Foundation\\Console\\Kernel->handle(Object(Symfony\\Component\\Console\\Input\\ArgvInput), Object(Symfony\\Component\\Console\\Output\\ConsoleOutput))
#14 {main}

[previous exception] [object] (ReflectionException(code: -1): Class \"config\" does not exist at C:\\xampp\\htdocs\\pizzeria\\example-app\\vendor\\laravel\\framework\\src\\Illuminate\\Container\\Container.php:912)
[stacktrace]
#0 C:\\xampp\\htdocs\\pizzeria\\example-app\\vendor\\laravel\\framework\\src\\Illuminate\\Container\\Container.php(912): ReflectionClass->__construct('config')
#1 C:\\xampp\\htdocs\\pizzeria\\example-app\\vendor\\laravel\\framework\\src\\Illuminate\\Container\\Container.php(795): Illuminate\\Container\\Container->build('config')
#2 C:\\xampp\\htdocs\\pizzeria\\example-app\\vendor\\laravel\\framework\\src\\Illuminate\\Foundation\\Application.php(933): Illuminate\\Container\\Container->resolve('config', Array, true)
#3 C:\\xampp\\htdocs\\pizzeria\\example-app\\vendor\\laravel\\framework\\src\\Illuminate\\Container\\Container.php(731): Illuminate\\Foundation\\Application->resolve('config', Array)
#4 C:\\xampp\\htdocs\\pizzeria\\example-app\\vendor\\laravel\\framework\\src\\Illuminate\\Foundation\\Application.php(918): Illuminate\\Container\\Container->make('config', Array)
#5 C:\\xampp\\htdocs\\pizzeria\\example-app\\vendor\\laravel\\framework\\src\\Illuminate\\Foundation\\helpers.php(120): Illuminate\\Foundation\\Application->make('config', Array)
#6 C:\\xampp\\htdocs\\pizzeria\\example-app\\vendor\\laravel\\framework\\src\\Illuminate\\Foundation\\helpers.php(274): app('config')
#7 C:\\xampp\\htdocs\\pizzeria\\example-app\\vendor\\laravel\\sanctum\\src\\Sanctum.php(44): config('app.url')
#8 C:\\xampp\\htdocs\\pizzeria\\example-app\\config\\sanctum.php(21): Laravel\\Sanctum\\Sanctum::currentApplicationUrlWithPort()
#9 C:\\xampp\\htdocs\\pizzeria\\example-app\\vendor\\laravel\\framework\\src\\Illuminate\\Foundation\\Bootstrap\\LoadConfiguration.php(70): require('C:\\\\xampp\\\\htdocs...')
#10 C:\\xampp\\htdocs\\pizzeria\\example-app\\vendor\\laravel\\framework\\src\\Illuminate\\Foundation\\Bootstrap\\LoadConfiguration.php(39): Illuminate\\Foundation\\Bootstrap\\LoadConfiguration->loadConfigurationFiles(Object(Illuminate\\Foundation\\Application), Object(Illuminate\\Config\\Repository))
#11 C:\\xampp\\htdocs\\pizzeria\\example-app\\vendor\\laravel\\framework\\src\\Illuminate\\Foundation\\Application.php(261): Illuminate\\Foundation\\Bootstrap\\LoadConfiguration->bootstrap(Object(Illuminate\\Foundation\\Application))
#12 C:\\xampp\\htdocs\\pizzeria\\example-app\\vendor\\laravel\\framework\\src\\Illuminate\\Foundation\\Console\\Kernel.php(434): Illuminate\\Foundation\\Application->bootstrapWith(Array)
#13 C:\\xampp\\htdocs\\pizzeria\\example-app\\vendor\\laravel\\framework\\src\\Illuminate\\Foundation\\Console\\Kernel.php(198): Illuminate\\Foundation\\Console\\Kernel->bootstrap()
#14 C:\\xampp\\htdocs\\pizzeria\\example-app\\artisan(37): Illuminate\\Foundation\\Console\\Kernel->handle(Object(Symfony\\Component\\Console\\Input\\ArgvInput), Object(Symfony\\Component\\Console\\Output\\ConsoleOutput))
#15 {main}
"} 
[2026-02-06 23:39:54] production.ERROR: Target class [config] does not exist. {"exception":"[object] (Illuminate\\Contracts\\Container\\BindingResolutionException(code: 0): Target class [config] does not exist. at C:\\xampp\\htdocs\\pizzeria\\example-app\\vendor\\laravel\\framework\\src\\Illuminate\\Container\\Container.php:914)
[stacktrace]
#0 C:\\xampp\\htdocs\\pizzeria\\example-app\\vendor\\laravel\\framework\\src\\Illuminate\\Container\\Container.php(795): Illuminate\\Container\\Container->build('config')
#1 C:\\xampp\\htdocs\\pizzeria\\example-app\\vendor\\laravel\\framework\\src\\Illuminate\\Foundation\\Application.php(933): Illuminate\\Container\\Container->resolve('config', Array, true)
#2 C:\\xampp\\htdocs\\pizzeria\\example-app\\vendor\\laravel\\framework\\src\\Illuminate\\Container\\Container.php(731): Illuminate\\Foundation\\Application->resolve('config', Array)
#3 C:\\xampp\\htdocs\\pizzeria\\example-app\\vendor\\laravel\\framework\\src\\Illuminate\\Foundation\\Application.php(918): Illuminate\\Container\\Container->make('config', Array)
#4 C:\\xampp\\htdocs\\pizzeria\\example-app\\vendor\\laravel\\framework\\src\\Illuminate\\Foundation\\helpers.php(120): Illuminate\\Foundation\\Application->make('config', Array)
#5 C:\\xampp\\htdocs\\pizzeria\\example-app\\vendor\\laravel\\framework\\src\\Illuminate\\Foundation\\helpers.php(274): app('config')
#6 C:\\xampp\\htdocs\\pizzeria\\example-app\\vendor\\laravel\\sanctum\\src\\Sanctum.php(44): config('app.url')
#7 C:\\xampp\\htdocs\\pizzeria\\example-app\\config\\sanctum.php(21): Laravel\\Sanctum\\Sanctum::currentApplicationUrlWithPort()
#8 C:\\xampp\\htdocs\\pizzeria\\example-app\\vendor\\laravel\\framework\\src\\Illuminate\\Foundation\\Bootstrap\\LoadConfiguration.php(70): require('C:\\\\xampp\\\\htdocs...')
#9 C:\\xampp\\htdocs\\pizzeria\\example-app\\vendor\\laravel\\framework\\src\\Illuminate\\Foundation\\Bootstrap\\LoadConfiguration.php(39): Illuminate\\Foundation\\Bootstrap\\LoadConfiguration->loadConfigurationFiles(Object(Illuminate\\Foundation\\Application), Object(Illuminate\\Config\\Repository))
#10 C:\\xampp\\htdocs\\pizzeria\\example-app\\vendor\\laravel\\framework\\src\\Illuminate\\Foundation\\Application.php(261): Illuminate\\Foundation\\Bootstrap\\LoadConfiguration->bootstrap(Object(Illuminate\\Foundation\\Application))
#11 C:\\xampp\\htdocs\\pizzeria\\example-app\\vendor\\laravel\\framework\\src\\Illuminate\\Foundation\\Console\\Kernel.php(434): Illuminate\\Foundation\\Application->bootstrapWith(Array)
#12 C:\\xampp\\htdocs\\pizzeria\\example-app\\vendor\\laravel\\framework\\src\\Illuminate\\Foundation\\Console\\Kernel.php(198): Illuminate\\Foundation\\Console\\Kernel->bootstrap()
#13 C:\\xampp\\htdocs\\pizzeria\\example-app\\artisan(37): Illuminate\\Foundation\\Console\\Kernel->handle(Object(Symfony\\Component\\Console\\Input\\ArgvInput), Object(Symfony\\Component\\Console\\Output\\ConsoleOutput))
#14 {main}

[previous exception] [object] (ReflectionException(code: -1): Class \"config\" does not exist at C:\\xampp\\htdocs\\pizzeria\\example-app\\vendor\\laravel\\framework\\src\\Illuminate\\Container\\Container.php:912)
[stacktrace]
#0 C:\\xampp\\htdocs\\pizzeria\\example-app\\vendor\\laravel\\framework\\src\\Illuminate\\Container\\Container.php(912): ReflectionClass->__construct('config')
#1 C:\\xampp\\htdocs\\pizzeria\\example-app\\vendor\\laravel\\framework\\src\\Illuminate\\Container\\Container.php(795): Illuminate\\Container\\Container->build('config')
#2 C:\\xampp\\htdocs\\pizzeria\\example-app\\vendor\\laravel\\framework\\src\\Illuminate\\Foundation\\Application.php(933): Illuminate\\Container\\Container->resolve('config', Array, true)
#3 C:\\xampp\\htdocs\\pizzeria\\example-app\\vendor\\laravel\\framework\\src\\Illuminate\\Container\\Container.php(731): Illuminate\\Foundation\\Application->resolve('config', Array)
#4 C:\\xampp\\htdocs\\pizzeria\\example-app\\vendor\\laravel\\framework\\src\\Illuminate\\Foundation\\Application.php(918): Illuminate\\Container\\Container->make('config', Array)
#5 C:\\xampp\\htdocs\\pizzeria\\example-app\\vendor\\laravel\\framework\\src\\Illuminate\\Foundation\\helpers.php(120): Illuminate\\Foundation\\Application->make('config', Array)
#6 C:\\xampp\\htdocs\\pizzeria\\example-app\\vendor\\laravel\\framework\\src\\Illuminate\\Foundation\\helpers.php(274): app('config')
#7 C:\\xampp\\htdocs\\pizzeria\\example-app\\vendor\\laravel\\sanctum\\src\\Sanctum.php(44): config('app.url')
#8 C:\\xampp\\htdocs\\pizzeria\\example-app\\config\\sanctum.php(21): Laravel\\Sanctum\\Sanctum::currentApplicationUrlWithPort()
#9 C:\\xampp\\htdocs\\pizzeria\\example-app\\vendor\\laravel\\framework\\src\\Illuminate\\Foundation\\Bootstrap\\LoadConfiguration.php(70): require('C:\\\\xampp\\\\htdocs...')
#10 C:\\xampp\\htdocs\\pizzeria\\example-app\\vendor\\laravel\\framework\\src\\Illuminate\\Foundation\\Bootstrap\\LoadConfiguration.php(39): Illuminate\\Foundation\\Bootstrap\\LoadConfiguration->loadConfigurationFiles(Object(Illuminate\\Foundation\\Application), Object(Illuminate\\Config\\Repository))
#11 C:\\xampp\\htdocs\\pizzeria\\example-app\\vendor\\laravel\\framework\\src\\Illuminate\\Foundation\\Application.php(261): Illuminate\\Foundation\\Bootstrap\\LoadConfiguration->bootstrap(Object(Illuminate\\Foundation\\Application))
#12 C:\\xampp\\htdocs\\pizzeria\\example-app\\vendor\\laravel\\framework\\src\\Illuminate\\Foundation\\Console\\Kernel.php(434): Illuminate\\Foundation\\Application->bootstrapWith(Array)
#13 C:\\xampp\\htdocs\\pizzeria\\example-app\\vendor\\laravel\\framework\\src\\Illuminate\\Foundation\\Console\\Kernel.php(198): Illuminate\\Foundation\\Console\\Kernel->bootstrap()
#14 C:\\xampp\\htdocs\\pizzeria\\example-app\\artisan(37): Illuminate\\Foundation\\Console\\Kernel->handle(Object(Symfony\\Component\\Console\\Input\\ArgvInput), Object(Symfony\\Component\\Console\\Output\\ConsoleOutput))
#15 {main}
"} 
[2026-02-06 23:40:26] production.ERROR: Target class [config] does not exist. {"exception":"[object] (Illuminate\\Contracts\\Container\\BindingResolutionException(code: 0): Target class [config] does not exist. at C:\\xampp\\htdocs\\pizzeria\\example-app\\vendor\\laravel\\framework\\src\\Illuminate\\Container\\Container.php:914)
[stacktrace]
#0 C:\\xampp\\htdocs\\pizzeria\\example-app\\vendor\\laravel\\framework\\src\\Illuminate\\Container\\Container.php(795): Illuminate\\Container\\Container->build('config')
#1 C:\\xampp\\htdocs\\pizzeria\\example-app\\vendor\\laravel\\framework\\src\\Illuminate\\Foundation\\Application.php(933): Illuminate\\Container\\Container->resolve('config', Array, true)
#2 C:\\xampp\\htdocs\\pizzeria\\example-app\\vendor\\laravel\\framework\\src\\Illuminate\\Container\\Container.php(731): Illuminate\\Foundation\\Application->resolve('config', Array)
#3 C:\\xampp\\htdocs\\pizzeria\\example-app\\vendor\\laravel\\framework\\src\\Illuminate\\Foundation\\Application.php(918): Illuminate\\Container\\Container->make('config', Array)
#4 C:\\xampp\\htdocs\\pizzeria\\example-app\\vendor\\laravel\\framework\\src\\Illuminate\\Foundation\\helpers.php(120): Illuminate\\Foundation\\Application->make('config', Array)
#5 C:\\xampp\\htdocs\\pizzeria\\example-app\\vendor\\laravel\\framework\\src\\Illuminate\\Foundation\\helpers.php(274): app('config')
#6 C:\\xampp\\htdocs\\pizzeria\\example-app\\vendor\\laravel\\sanctum\\src\\Sanctum.php(44): config('app.url')
#7 C:\\xampp\\htdocs\\pizzeria\\example-app\\config\\sanctum.php(21): Laravel\\Sanctum\\Sanctum::currentApplicationUrlWithPort()
#8 C:\\xampp\\htdocs\\pizzeria\\example-app\\vendor\\laravel\\framework\\src\\Illuminate\\Foundation\\Bootstrap\\LoadConfiguration.php(70): require('C:\\\\xampp\\\\htdocs...')
#9 C:\\xampp\\htdocs\\pizzeria\\example-app\\vendor\\laravel\\framework\\src\\Illuminate\\Foundation\\Bootstrap\\LoadConfiguration.php(39): Illuminate\\Foundation\\Bootstrap\\LoadConfiguration->loadConfigurationFiles(Object(Illuminate\\Foundation\\Application), Object(Illuminate\\Config\\Repository))
#10 C:\\xampp\\htdocs\\pizzeria\\example-app\\vendor\\laravel\\framework\\src\\Illuminate\\Foundation\\Application.php(261): Illuminate\\Foundation\\Bootstrap\\LoadConfiguration->bootstrap(Object(Illuminate\\Foundation\\Application))
#11 C:\\xampp\\htdocs\\pizzeria\\example-app\\vendor\\laravel\\framework\\src\\Illuminate\\Foundation\\Console\\Kernel.php(434): Illuminate\\Foundation\\Application->bootstrapWith(Array)
#12 C:\\xampp\\htdocs\\pizzeria\\example-app\\vendor\\laravel\\framework\\src\\Illuminate\\Foundation\\Console\\Kernel.php(198): Illuminate\\Foundation\\Console\\Kernel->bootstrap()
#13 C:\\xampp\\htdocs\\pizzeria\\example-app\\artisan(37): Illuminate\\Foundation\\Console\\Kernel->handle(Object(Symfony\\Component\\Console\\Input\\ArgvInput), Object(Symfony\\Component\\Console\\Output\\ConsoleOutput))
#14 {main}

[previous exception] [object] (ReflectionException(code: -1): Class \"config\" does not exist at C:\\xampp\\htdocs\\pizzeria\\example-app\\vendor\\laravel\\framework\\src\\Illuminate\\Container\\Container.php:912)
[stacktrace]
#0 C:\\xampp\\htdocs\\pizzeria\\example-app\\vendor\\laravel\\framework\\src\\Illuminate\\Container\\Container.php(912): ReflectionClass->__construct('config')
#1 C:\\xampp\\htdocs\\pizzeria\\example-app\\vendor\\laravel\\framework\\src\\Illuminate\\Container\\Container.php(795): Illuminate\\Container\\Container->build('config')
#2 C:\\xampp\\htdocs\\pizzeria\\example-app\\vendor\\laravel\\framework\\src\\Illuminate\\Foundation\\Application.php(933): Illuminate\\Container\\Container->resolve('config', Array, true)
#3 C:\\xampp\\htdocs\\pizzeria\\example-app\\vendor\\laravel\\framework\\src\\Illuminate\\Container\\Container.php(731): Illuminate\\Foundation\\Application->resolve('config', Array)
#4 C:\\xampp\\htdocs\\pizzeria\\example-app\\vendor\\laravel\\framework\\src\\Illuminate\\Foundation\\Application.php(918): Illuminate\\Container\\Container->make('config', Array)
#5 C:\\xampp\\htdocs\\pizzeria\\example-app\\vendor\\laravel\\framework\\src\\Illuminate\\Foundation\\helpers.php(120): Illuminate\\Foundation\\Application->make('config', Array)
#6 C:\\xampp\\htdocs\\pizzeria\\example-app\\vendor\\laravel\\framework\\src\\Illuminate\\Foundation\\helpers.php(274): app('config')
#7 C:\\xampp\\htdocs\\pizzeria\\example-app\\vendor\\laravel\\sanctum\\src\\Sanctum.php(44): config('app.url')
#8 C:\\xampp\\htdocs\\pizzeria\\example-app\\config\\sanctum.php(21): Laravel\\Sanctum\\Sanctum::currentApplicationUrlWithPort()
#9 C:\\xampp\\htdocs\\pizzeria\\example-app\\vendor\\laravel\\framework\\src\\Illuminate\\Foundation\\Bootstrap\\LoadConfiguration.php(70): require('C:\\\\xampp\\\\htdocs...')
#10 C:\\xampp\\htdocs\\pizzeria\\example-app\\vendor\\laravel\\framework\\src\\Illuminate\\Foundation\\Bootstrap\\LoadConfiguration.php(39): Illuminate\\Foundation\\Bootstrap\\LoadConfiguration->loadConfigurationFiles(Object(Illuminate\\Foundation\\Application), Object(Illuminate\\Config\\Repository))
#11 C:\\xampp\\htdocs\\pizzeria\\example-app\\vendor\\laravel\\framework\\src\\Illuminate\\Foundation\\Application.php(261): Illuminate\\Foundation\\Bootstrap\\LoadConfiguration->bootstrap(Object(Illuminate\\Foundation\\Application))
#12 C:\\xampp\\htdocs\\pizzeria\\example-app\\vendor\\laravel\\framework\\src\\Illuminate\\Foundation\\Console\\Kernel.php(434): Illuminate\\Foundation\\Application->bootstrapWith(Array)
#13 C:\\xampp\\htdocs\\pizzeria\\example-app\\vendor\\laravel\\framework\\src\\Illuminate\\Foundation\\Console\\Kernel.php(198): Illuminate\\Foundation\\Console\\Kernel->bootstrap()
#14 C:\\xampp\\htdocs\\pizzeria\\example-app\\artisan(37): Illuminate\\Foundation\\Console\\Kernel->handle(Object(Symfony\\Component\\Console\\Input\\ArgvInput), Object(Symfony\\Component\\Console\\Output\\ConsoleOutput))
#15 {main}
"} 
[2026-02-06 23:56:38] production.ERROR: Target class [config] does not exist. {"exception":"[object] (Illuminate\\Contracts\\Container\\BindingResolutionException(code: 0): Target class [config] does not exist. at C:\\xampp\\htdocs\\pizzeria\\example-app\\vendor\\laravel\\framework\\src\\Illuminate\\Container\\Container.php:914)
[stacktrace]
#0 C:\\xampp\\htdocs\\pizzeria\\example-app\\vendor\\laravel\\framework\\src\\Illuminate\\Container\\Container.php(795): Illuminate\\Container\\Container->build('config')
#1 C:\\xampp\\htdocs\\pizzeria\\example-app\\vendor\\laravel\\framework\\src\\Illuminate\\Foundation\\Application.php(933): Illuminate\\Container\\Container->resolve('config', Array, true)
#2 C:\\xampp\\htdocs\\pizzeria\\example-app\\vendor\\laravel\\framework\\src\\Illuminate\\Container\\Container.php(731): Illuminate\\Foundation\\Application->resolve('config', Array)
#3 C:\\xampp\\htdocs\\pizzeria\\example-app\\vendor\\laravel\\framework\\src\\Illuminate\\Foundation\\Application.php(918): Illuminate\\Container\\Container->make('config', Array)
#4 C:\\xampp\\htdocs\\pizzeria\\example-app\\vendor\\laravel\\framework\\src\\Illuminate\\Foundation\\helpers.php(120): Illuminate\\Foundation\\Application->make('config', Array)
#5 C:\\xampp\\htdocs\\pizzeria\\example-app\\vendor\\laravel\\framework\\src\\Illuminate\\Foundation\\helpers.php(274): app('config')
#6 C:\\xampp\\htdocs\\pizzeria\\example-app\\vendor\\laravel\\sanctum\\src\\Sanctum.php(44): config('app.url')
#7 C:\\xampp\\htdocs\\pizzeria\\example-app\\config\\sanctum.php(21): Laravel\\Sanctum\\Sanctum::currentApplicationUrlWithPort()
#8 C:\\xampp\\htdocs\\pizzeria\\example-app\\vendor\\laravel\\framework\\src\\Illuminate\\Foundation\\Bootstrap\\LoadConfiguration.php(70): require('C:\\\\xampp\\\\htdocs...')
#9 C:\\xampp\\htdocs\\pizzeria\\example-app\\vendor\\laravel\\framework\\src\\Illuminate\\Foundation\\Bootstrap\\LoadConfiguration.php(39): Illuminate\\Foundation\\Bootstrap\\LoadConfiguration->loadConfigurationFiles(Object(Illuminate\\Foundation\\Application), Object(Illuminate\\Config\\Repository))
#10 C:\\xampp\\htdocs\\pizzeria\\example-app\\vendor\\laravel\\framework\\src\\Illuminate\\Foundation\\Application.php(261): Illuminate\\Foundation\\Bootstrap\\LoadConfiguration->bootstrap(Object(Illuminate\\Foundation\\Application))
#11 C:\\xampp\\htdocs\\pizzeria\\example-app\\vendor\\laravel\\framework\\src\\Illuminate\\Foundation\\Console\\Kernel.php(434): Illuminate\\Foundation\\Application->bootstrapWith(Array)
#12 C:\\xampp\\htdocs\\pizzeria\\example-app\\vendor\\laravel\\framework\\src\\Illuminate\\Foundation\\Console\\Kernel.php(198): Illuminate\\Foundation\\Console\\Kernel->bootstrap()
#13 C:\\xampp\\htdocs\\pizzeria\\example-app\\artisan(37): Illuminate\\Foundation\\Console\\Kernel->handle(Object(Symfony\\Component\\Console\\Input\\ArgvInput), Object(Symfony\\Component\\Console\\Output\\ConsoleOutput))
#14 {main}

[previous exception] [object] (ReflectionException(code: -1): Class \"config\" does not exist at C:\\xampp\\htdocs\\pizzeria\\example-app\\vendor\\laravel\\framework\\src\\Illuminate\\Container\\Container.php:912)
[stacktrace]
#0 C:\\xampp\\htdocs\\pizzeria\\example-app\\vendor\\laravel\\framework\\src\\Illuminate\\Container\\Container.php(912): ReflectionClass->__construct('config')
#1 C:\\xampp\\htdocs\\pizzeria\\example-app\\vendor\\laravel\\framework\\src\\Illuminate\\Container\\Container.php(795): Illuminate\\Container\\Container->build('config')
#2 C:\\xampp\\htdocs\\pizzeria\\example-app\\vendor\\laravel\\framework\\src\\Illuminate\\Foundation\\Application.php(933): Illuminate\\Container\\Container->resolve('config', Array, true)
#3 C:\\xampp\\htdocs\\pizzeria\\example-app\\vendor\\laravel\\framework\\src\\Illuminate\\Container\\Container.php(731): Illuminate\\Foundation\\Application->resolve('config', Array)
#4 C:\\xampp\\htdocs\\pizzeria\\example-app\\vendor\\laravel\\framework\\src\\Illuminate\\Foundation\\Application.php(918): Illuminate\\Container\\Container->make('config', Array)
#5 C:\\xampp\\htdocs\\pizzeria\\example-app\\vendor\\laravel\\framework\\src\\Illuminate\\Foundation\\helpers.php(120): Illuminate\\Foundation\\Application->make('config', Array)
#6 C:\\xampp\\htdocs\\pizzeria\\example-app\\vendor\\laravel\\framework\\src\\Illuminate\\Foundation\\helpers.php(274): app('config')
#7 C:\\xampp\\htdocs\\pizzeria\\example-app\\vendor\\laravel\\sanctum\\src\\Sanctum.php(44): config('app.url')
#8 C:\\xampp\\htdocs\\pizzeria\\example-app\\config\\sanctum.php(21): Laravel\\Sanctum\\Sanctum::currentApplicationUrlWithPort()
#9 C:\\xampp\\htdocs\\pizzeria\\example-app\\vendor\\laravel\\framework\\src\\Illuminate\\Foundation\\Bootstrap\\LoadConfiguration.php(70): require('C:\\\\xampp\\\\htdocs...')
#10 C:\\xampp\\htdocs\\pizzeria\\example-app\\vendor\\laravel\\framework\\src\\Illuminate\\Foundation\\Bootstrap\\LoadConfiguration.php(39): Illuminate\\Foundation\\Bootstrap\\LoadConfiguration->loadConfigurationFiles(Object(Illuminate\\Foundation\\Application), Object(Illuminate\\Config\\Repository))
#11 C:\\xampp\\htdocs\\pizzeria\\example-app\\vendor\\laravel\\framework\\src\\Illuminate\\Foundation\\Application.php(261): Illuminate\\Foundation\\Bootstrap\\LoadConfiguration->bootstrap(Object(Illuminate\\Foundation\\Application))
#12 C:\\xampp\\htdocs\\pizzeria\\example-app\\vendor\\laravel\\framework\\src\\Illuminate\\Foundation\\Console\\Kernel.php(434): Illuminate\\Foundation\\Application->bootstrapWith(Array)
#13 C:\\xampp\\htdocs\\pizzeria\\example-app\\vendor\\laravel\\framework\\src\\Illuminate\\Foundation\\Console\\Kernel.php(198): Illuminate\\Foundation\\Console\\Kernel->bootstrap()
#14 C:\\xampp\\htdocs\\pizzeria\\example-app\\artisan(37): Illuminate\\Foundation\\Console\\Kernel->handle(Object(Symfony\\Component\\Console\\Input\\ArgvInput), Object(Symfony\\Component\\Console\\Output\\ConsoleOutput))
#15 {main}
"} 
[2026-02-09 21:36:58] production.ERROR: Target class [config] does not exist. {"exception":"[object] (Illuminate\\Contracts\\Container\\BindingResolutionException(code: 0): Target class [config] does not exist. at C:\\xampp\\htdocs\\pizzeria\\example-app\\vendor\\laravel\\framework\\src\\Illuminate\\Container\\Container.php:879)
[stacktrace]
#0 C:\\xampp\\htdocs\\pizzeria\\example-app\\vendor\\laravel\\framework\\src\\Illuminate\\Container\\Container.php(758): Illuminate\\Container\\Container->build('config')
#1 C:\\xampp\\htdocs\\pizzeria\\example-app\\vendor\\laravel\\framework\\src\\Illuminate\\Foundation\\Application.php(853): Illuminate\\Container\\Container->resolve('config', Array, true)
#2 C:\\xampp\\htdocs\\pizzeria\\example-app\\vendor\\laravel\\framework\\src\\Illuminate\\Container\\Container.php(694): Illuminate\\Foundation\\Application->resolve('config', Array)
#3 C:\\xampp\\htdocs\\pizzeria\\example-app\\vendor\\laravel\\framework\\src\\Illuminate\\Foundation\\Application.php(838): Illuminate\\Container\\Container->make('config', Array)
#4 C:\\xampp\\htdocs\\pizzeria\\example-app\\vendor\\laravel\\framework\\src\\Illuminate\\Foundation\\helpers.php(119): Illuminate\\Foundation\\Application->make('config', Array)
#5 C:\\xampp\\htdocs\\pizzeria\\example-app\\vendor\\laravel\\framework\\src\\Illuminate\\Foundation\\helpers.php(275): app('config')
#6 C:\\xampp\\htdocs\\pizzeria\\example-app\\vendor\\laravel\\sanctum\\src\\Sanctum.php(44): config('app.url')
#7 C:\\xampp\\htdocs\\pizzeria\\example-app\\config\\sanctum.php(21): Laravel\\Sanctum\\Sanctum::currentApplicationUrlWithPort()
#8 C:\\xampp\\htdocs\\pizzeria\\example-app\\vendor\\laravel\\framework\\src\\Illuminate\\Foundation\\Bootstrap\\LoadConfiguration.php(72): require('C:\\\\xampp\\\\htdocs...')
#9 C:\\xampp\\htdocs\\pizzeria\\example-app\\vendor\\laravel\\framework\\src\\Illuminate\\Foundation\\Bootstrap\\LoadConfiguration.php(39): Illuminate\\Foundation\\Bootstrap\\LoadConfiguration->loadConfigurationFiles(Object(Illuminate\\Foundation\\Application), Object(Illuminate\\Config\\Repository))
#10 C:\\xampp\\htdocs\\pizzeria\\example-app\\vendor\\laravel\\framework\\src\\Illuminate\\Foundation\\Application.php(237): Illuminate\\Foundation\\Bootstrap\\LoadConfiguration->bootstrap(Object(Illuminate\\Foundation\\Application))
#11 C:\\xampp\\htdocs\\pizzeria\\example-app\\vendor\\laravel\\framework\\src\\Illuminate\\Foundation\\Console\\Kernel.php(310): Illuminate\\Foundation\\Application->bootstrapWith(Array)
#12 C:\\xampp\\htdocs\\pizzeria\\example-app\\vendor\\laravel\\framework\\src\\Illuminate\\Foundation\\Console\\Kernel.php(127): Illuminate\\Foundation\\Console\\Kernel->bootstrap()
#13 C:\\xampp\\htdocs\\pizzeria\\example-app\\artisan(37): Illuminate\\Foundation\\Console\\Kernel->handle(Object(Symfony\\Component\\Console\\Input\\ArgvInput), Object(Symfony\\Component\\Console\\Output\\ConsoleOutput))
#14 {main}

[previous exception] [object] (ReflectionException(code: -1): Class \"config\" does not exist at C:\\xampp\\htdocs\\pizzeria\\example-app\\vendor\\laravel\\framework\\src\\Illuminate\\Container\\Container.php:877)
[stacktrace]
#0 C:\\xampp\\htdocs\\pizzeria\\example-app\\vendor\\laravel\\framework\\src\\Illuminate\\Container\\Container.php(877): ReflectionClass->__construct('config')
#1 C:\\xampp\\htdocs\\pizzeria\\example-app\\vendor\\laravel\\framework\\src\\Illuminate\\Container\\Container.php(758): Illuminate\\Container\\Container->build('config')
#2 C:\\xampp\\htdocs\\pizzeria\\example-app\\vendor\\laravel\\framework\\src\\Illuminate\\Foundation\\Application.php(853): Illuminate\\Container\\Container->resolve('config', Array, true)
#3 C:\\xampp\\htdocs\\pizzeria\\example-app\\vendor\\laravel\\framework\\src\\Illuminate\\Container\\Container.php(694): Illuminate\\Foundation\\Application->resolve('config', Array)
#4 C:\\xampp\\htdocs\\pizzeria\\example-app\\vendor\\laravel\\framework\\src\\Illuminate\\Foundation\\Application.php(838): Illuminate\\Container\\Container->make('config', Array)
#5 C:\\xampp\\htdocs\\pizzeria\\example-app\\vendor\\laravel\\framework\\src\\Illuminate\\Foundation\\helpers.php(119): Illuminate\\Foundation\\Application->make('config', Array)
#6 C:\\xampp\\htdocs\\pizzeria\\example-app\\vendor\\laravel\\framework\\src\\Illuminate\\Foundation\\helpers.php(275): app('config')
#7 C:\\xampp\\htdocs\\pizzeria\\example-app\\vendor\\laravel\\sanctum\\src\\Sanctum.php(44): config('app.url')
#8 C:\\xampp\\htdocs\\pizzeria\\example-app\\config\\sanctum.php(21): Laravel\\Sanctum\\Sanctum::currentApplicationUrlWithPort()
#9 C:\\xampp\\htdocs\\pizzeria\\example-app\\vendor\\laravel\\framework\\src\\Illuminate\\Foundation\\Bootstrap\\LoadConfiguration.php(72): require('C:\\\\xampp\\\\htdocs...')
#10 C:\\xampp\\htdocs\\pizzeria\\example-app\\vendor\\laravel\\framework\\src\\Illuminate\\Foundation\\Bootstrap\\LoadConfiguration.php(39): Illuminate\\Foundation\\Bootstrap\\LoadConfiguration->loadConfigurationFiles(Object(Illuminate\\Foundation\\Application), Object(Illuminate\\Config\\Repository))
#11 C:\\xampp\\htdocs\\pizzeria\\example-app\\vendor\\laravel\\framework\\src\\Illuminate\\Foundation\\Application.php(237): Illuminate\\Foundation\\Bootstrap\\LoadConfiguration->bootstrap(Object(Illuminate\\Foundation\\Application))
#12 C:\\xampp\\htdocs\\pizzeria\\example-app\\vendor\\laravel\\framework\\src\\Illuminate\\Foundation\\Console\\Kernel.php(310): Illuminate\\Foundation\\Application->bootstrapWith(Array)
#13 C:\\xampp\\htdocs\\pizzeria\\example-app\\vendor\\laravel\\framework\\src\\Illuminate\\Foundation\\Console\\Kernel.php(127): Illuminate\\Foundation\\Console\\Kernel->bootstrap()
#14 C:\\xampp\\htdocs\\pizzeria\\example-app\\artisan(37): Illuminate\\Foundation\\Console\\Kernel->handle(Object(Symfony\\Component\\Console\\Input\\ArgvInput), Object(Symfony\\Component\\Console\\Output\\ConsoleOutput))
#15 {main}
"} 
[2026-02-09 21:38:23] production.ERROR: Target class [config] does not exist. {"exception":"[object] (Illuminate\\Contracts\\Container\\BindingResolutionException(code: 0): Target class [config] does not exist. at C:\\xampp\\htdocs\\pizzeria\\example-app\\vendor\\laravel\\framework\\src\\Illuminate\\Container\\Container.php:879)
[stacktrace]
#0 C:\\xampp\\htdocs\\pizzeria\\example-app\\vendor\\laravel\\framework\\src\\Illuminate\\Container\\Container.php(758): Illuminate\\Container\\Container->build('config')
#1 C:\\xampp\\htdocs\\pizzeria\\example-app\\vendor\\laravel\\framework\\src\\Illuminate\\Foundation\\Application.php(853): Illuminate\\Container\\Container->resolve('config', Array, true)
#2 C:\\xampp\\htdocs\\pizzeria\\example-app\\vendor\\laravel\\framework\\src\\Illuminate\\Container\\Container.php(694): Illuminate\\Foundation\\Application->resolve('config', Array)
#3 C:\\xampp\\htdocs\\pizzeria\\example-app\\vendor\\laravel\\framework\\src\\Illuminate\\Foundation\\Application.php(838): Illuminate\\Container\\Container->make('config', Array)
#4 C:\\xampp\\htdocs\\pizzeria\\example-app\\vendor\\laravel\\framework\\src\\Illuminate\\Foundation\\helpers.php(119): Illuminate\\Foundation\\Application->make('config', Array)
#5 C:\\xampp\\htdocs\\pizzeria\\example-app\\vendor\\laravel\\framework\\src\\Illuminate\\Foundation\\helpers.php(275): app('config')
#6 C:\\xampp\\htdocs\\pizzeria\\example-app\\vendor\\laravel\\sanctum\\src\\Sanctum.php(44): config('app.url')
#7 C:\\xampp\\htdocs\\pizzeria\\example-app\\config\\sanctum.php(21): Laravel\\Sanctum\\Sanctum::currentApplicationUrlWithPort()
#8 C:\\xampp\\htdocs\\pizzeria\\example-app\\vendor\\laravel\\framework\\src\\Illuminate\\Foundation\\Bootstrap\\LoadConfiguration.php(72): require('C:\\\\xampp\\\\htdocs...')
#9 C:\\xampp\\htdocs\\pizzeria\\example-app\\vendor\\laravel\\framework\\src\\Illuminate\\Foundation\\Bootstrap\\LoadConfiguration.php(39): Illuminate\\Foundation\\Bootstrap\\LoadConfiguration->loadConfigurationFiles(Object(Illuminate\\Foundation\\Application), Object(Illuminate\\Config\\Repository))
#10 C:\\xampp\\htdocs\\pizzeria\\example-app\\vendor\\laravel\\framework\\src\\Illuminate\\Foundation\\Application.php(237): Illuminate\\Foundation\\Bootstrap\\LoadConfiguration->bootstrap(Object(Illuminate\\Foundation\\Application))
#11 C:\\xampp\\htdocs\\pizzeria\\example-app\\vendor\\laravel\\framework\\src\\Illuminate\\Foundation\\Console\\Kernel.php(310): Illuminate\\Foundation\\Application->bootstrapWith(Array)
#12 C:\\xampp\\htdocs\\pizzeria\\example-app\\vendor\\laravel\\framework\\src\\Illuminate\\Foundation\\Console\\Kernel.php(127): Illuminate\\Foundation\\Console\\Kernel->bootstrap()
#13 C:\\xampp\\htdocs\\pizzeria\\example-app\\artisan(37): Illuminate\\Foundation\\Console\\Kernel->handle(Object(Symfony\\Component\\Console\\Input\\ArgvInput), Object(Symfony\\Component\\Console\\Output\\ConsoleOutput))
#14 {main}

[previous exception] [object] (ReflectionException(code: -1): Class \"config\" does not exist at C:\\xampp\\htdocs\\pizzeria\\example-app\\vendor\\laravel\\framework\\src\\Illuminate\\Container\\Container.php:877)
[stacktrace]
#0 C:\\xampp\\htdocs\\pizzeria\\example-app\\vendor\\laravel\\framework\\src\\Illuminate\\Container\\Container.php(877): ReflectionClass->__construct('config')
#1 C:\\xampp\\htdocs\\pizzeria\\example-app\\vendor\\laravel\\framework\\src\\Illuminate\\Container\\Container.php(758): Illuminate\\Container\\Container->build('config')
#2 C:\\xampp\\htdocs\\pizzeria\\example-app\\vendor\\laravel\\framework\\src\\Illuminate\\Foundation\\Application.php(853): Illuminate\\Container\\Container->resolve('config', Array, true)
#3 C:\\xampp\\htdocs\\pizzeria\\example-app\\vendor\\laravel\\framework\\src\\Illuminate\\Container\\Container.php(694): Illuminate\\Foundation\\Application->resolve('config', Array)
#4 C:\\xampp\\htdocs\\pizzeria\\example-app\\vendor\\laravel\\framework\\src\\Illuminate\\Foundation\\Application.php(838): Illuminate\\Container\\Container->make('config', Array)
#5 C:\\xampp\\htdocs\\pizzeria\\example-app\\vendor\\laravel\\framework\\src\\Illuminate\\Foundation\\helpers.php(119): Illuminate\\Foundation\\Application->make('config', Array)
#6 C:\\xampp\\htdocs\\pizzeria\\example-app\\vendor\\laravel\\framework\\src\\Illuminate\\Foundation\\helpers.php(275): app('config')
#7 C:\\xampp\\htdocs\\pizzeria\\example-app\\vendor\\laravel\\sanctum\\src\\Sanctum.php(44): config('app.url')
#8 C:\\xampp\\htdocs\\pizzeria\\example-app\\config\\sanctum.php(21): Laravel\\Sanctum\\Sanctum::currentApplicationUrlWithPort()
#9 C:\\xampp\\htdocs\\pizzeria\\example-app\\vendor\\laravel\\framework\\src\\Illuminate\\Foundation\\Bootstrap\\LoadConfiguration.php(72): require('C:\\\\xampp\\\\htdocs...')
#10 C:\\xampp\\htdocs\\pizzeria\\example-app\\vendor\\laravel\\framework\\src\\Illuminate\\Foundation\\Bootstrap\\LoadConfiguration.php(39): Illuminate\\Foundation\\Bootstrap\\LoadConfiguration->loadConfigurationFiles(Object(Illuminate\\Foundation\\Application), Object(Illuminate\\Config\\Repository))
#11 C:\\xampp\\htdocs\\pizzeria\\example-app\\vendor\\laravel\\framework\\src\\Illuminate\\Foundation\\Application.php(237): Illuminate\\Foundation\\Bootstrap\\LoadConfiguration->bootstrap(Object(Illuminate\\Foundation\\Application))
#12 C:\\xampp\\htdocs\\pizzeria\\example-app\\vendor\\laravel\\framework\\src\\Illuminate\\Foundation\\Console\\Kernel.php(310): Illuminate\\Foundation\\Application->bootstrapWith(Array)
#13 C:\\xampp\\htdocs\\pizzeria\\example-app\\vendor\\laravel\\framework\\src\\Illuminate\\Foundation\\Console\\Kernel.php(127): Illuminate\\Foundation\\Console\\Kernel->bootstrap()
#14 C:\\xampp\\htdocs\\pizzeria\\example-app\\artisan(37): Illuminate\\Foundation\\Console\\Kernel->handle(Object(Symfony\\Component\\Console\\Input\\ArgvInput), Object(Symfony\\Component\\Console\\Output\\ConsoleOutput))
#15 {main}
"} 
[2026-02-09 21:40:16] production.ERROR: Target class [config] does not exist. {"exception":"[object] (Illuminate\\Contracts\\Container\\BindingResolutionException(code: 0): Target class [config] does not exist. at C:\\xampp\\htdocs\\pizzeria\\example-app\\vendor\\laravel\\framework\\src\\Illuminate\\Container\\Container.php:879)
[stacktrace]
#0 C:\\xampp\\htdocs\\pizzeria\\example-app\\vendor\\laravel\\framework\\src\\Illuminate\\Container\\Container.php(758): Illuminate\\Container\\Container->build('config')
#1 C:\\xampp\\htdocs\\pizzeria\\example-app\\vendor\\laravel\\framework\\src\\Illuminate\\Foundation\\Application.php(853): Illuminate\\Container\\Container->resolve('config', Array, true)
#2 C:\\xampp\\htdocs\\pizzeria\\example-app\\vendor\\laravel\\framework\\src\\Illuminate\\Container\\Container.php(694): Illuminate\\Foundation\\Application->resolve('config', Array)
#3 C:\\xampp\\htdocs\\pizzeria\\example-app\\vendor\\laravel\\framework\\src\\Illuminate\\Foundation\\Application.php(838): Illuminate\\Container\\Container->make('config', Array)
#4 C:\\xampp\\htdocs\\pizzeria\\example-app\\vendor\\laravel\\framework\\src\\Illuminate\\Foundation\\helpers.php(119): Illuminate\\Foundation\\Application->make('config', Array)
#5 C:\\xampp\\htdocs\\pizzeria\\example-app\\vendor\\laravel\\framework\\src\\Illuminate\\Foundation\\helpers.php(275): app('config')
#6 C:\\xampp\\htdocs\\pizzeria\\example-app\\vendor\\laravel\\sanctum\\src\\Sanctum.php(44): config('app.url')
#7 C:\\xampp\\htdocs\\pizzeria\\example-app\\config\\sanctum.php(21): Laravel\\Sanctum\\Sanctum::currentApplicationUrlWithPort()
#8 C:\\xampp\\htdocs\\pizzeria\\example-app\\vendor\\laravel\\framework\\src\\Illuminate\\Foundation\\Bootstrap\\LoadConfiguration.php(72): require('C:\\\\xampp\\\\htdocs...')
#9 C:\\xampp\\htdocs\\pizzeria\\example-app\\vendor\\laravel\\framework\\src\\Illuminate\\Foundation\\Bootstrap\\LoadConfiguration.php(39): Illuminate\\Foundation\\Bootstrap\\LoadConfiguration->loadConfigurationFiles(Object(Illuminate\\Foundation\\Application), Object(Illuminate\\Config\\Repository))
#10 C:\\xampp\\htdocs\\pizzeria\\example-app\\vendor\\laravel\\framework\\src\\Illuminate\\Foundation\\Application.php(237): Illuminate\\Foundation\\Bootstrap\\LoadConfiguration->bootstrap(Object(Illuminate\\Foundation\\Application))
#11 C:\\xampp\\htdocs\\pizzeria\\example-app\\vendor\\laravel\\framework\\src\\Illuminate\\Foundation\\Console\\Kernel.php(310): Illuminate\\Foundation\\Application->bootstrapWith(Array)
#12 C:\\xampp\\htdocs\\pizzeria\\example-app\\vendor\\laravel\\framework\\src\\Illuminate\\Foundation\\Console\\Kernel.php(127): Illuminate\\Foundation\\Console\\Kernel->bootstrap()
#13 C:\\xampp\\htdocs\\pizzeria\\example-app\\artisan(37): Illuminate\\Foundation\\Console\\Kernel->handle(Object(Symfony\\Component\\Console\\Input\\ArgvInput), Object(Symfony\\Component\\Console\\Output\\ConsoleOutput))
#14 {main}

[previous exception] [object] (ReflectionException(code: -1): Class \"config\" does not exist at C:\\xampp\\htdocs\\pizzeria\\example-app\\vendor\\laravel\\framework\\src\\Illuminate\\Container\\Container.php:877)
[stacktrace]
#0 C:\\xampp\\htdocs\\pizzeria\\example-app\\vendor\\laravel\\framework\\src\\Illuminate\\Container\\Container.php(877): ReflectionClass->__construct('config')
#1 C:\\xampp\\htdocs\\pizzeria\\example-app\\vendor\\laravel\\framework\\src\\Illuminate\\Container\\Container.php(758): Illuminate\\Container\\Container->build('config')
#2 C:\\xampp\\htdocs\\pizzeria\\example-app\\vendor\\laravel\\framework\\src\\Illuminate\\Foundation\\Application.php(853): Illuminate\\Container\\Container->resolve('config', Array, true)
#3 C:\\xampp\\htdocs\\pizzeria\\example-app\\vendor\\laravel\\framework\\src\\Illuminate\\Container\\Container.php(694): Illuminate\\Foundation\\Application->resolve('config', Array)
#4 C:\\xampp\\htdocs\\pizzeria\\example-app\\vendor\\laravel\\framework\\src\\Illuminate\\Foundation\\Application.php(838): Illuminate\\Container\\Container->make('config', Array)
#5 C:\\xampp\\htdocs\\pizzeria\\example-app\\vendor\\laravel\\framework\\src\\Illuminate\\Foundation\\helpers.php(119): Illuminate\\Foundation\\Application->make('config', Array)
#6 C:\\xampp\\htdocs\\pizzeria\\example-app\\vendor\\laravel\\framework\\src\\Illuminate\\Foundation\\helpers.php(275): app('config')
#7 C:\\xampp\\htdocs\\pizzeria\\example-app\\vendor\\laravel\\sanctum\\src\\Sanctum.php(44): config('app.url')
#8 C:\\xampp\\htdocs\\pizzeria\\example-app\\config\\sanctum.php(21): Laravel\\Sanctum\\Sanctum::currentApplicationUrlWithPort()
#9 C:\\xampp\\htdocs\\pizzeria\\example-app\\vendor\\laravel\\framework\\src\\Illuminate\\Foundation\\Bootstrap\\LoadConfiguration.php(72): require('C:\\\\xampp\\\\htdocs...')
#10 C:\\xampp\\htdocs\\pizzeria\\example-app\\vendor\\laravel\\framework\\src\\Illuminate\\Foundation\\Bootstrap\\LoadConfiguration.php(39): Illuminate\\Foundation\\Bootstrap\\LoadConfiguration->loadConfigurationFiles(Object(Illuminate\\Foundation\\Application), Object(Illuminate\\Config\\Repository))
#11 C:\\xampp\\htdocs\\pizzeria\\example-app\\vendor\\laravel\\framework\\src\\Illuminate\\Foundation\\Application.php(237): Illuminate\\Foundation\\Bootstrap\\LoadConfiguration->bootstrap(Object(Illuminate\\Foundation\\Application))
#12 C:\\xampp\\htdocs\\pizzeria\\example-app\\vendor\\laravel\\framework\\src\\Illuminate\\Foundation\\Console\\Kernel.php(310): Illuminate\\Foundation\\Application->bootstrapWith(Array)
#13 C:\\xampp\\htdocs\\pizzeria\\example-app\\vendor\\laravel\\framework\\src\\Illuminate\\Foundation\\Console\\Kernel.php(127): Illuminate\\Foundation\\Console\\Kernel->bootstrap()
#14 C:\\xampp\\htdocs\\pizzeria\\example-app\\artisan(37): Illuminate\\Foundation\\Console\\Kernel->handle(Object(Symfony\\Component\\Console\\Input\\ArgvInput), Object(Symfony\\Component\\Console\\Output\\ConsoleOutput))
#15 {main}
"} 
[2026-02-09 21:40:46] production.ERROR: Target class [config] does not exist. {"exception":"[object] (Illuminate\\Contracts\\Container\\BindingResolutionException(code: 0): Target class [config] does not exist. at C:\\xampp\\htdocs\\pizzeria\\example-app\\vendor\\laravel\\framework\\src\\Illuminate\\Container\\Container.php:879)
[stacktrace]
#0 C:\\xampp\\htdocs\\pizzeria\\example-app\\vendor\\laravel\\framework\\src\\Illuminate\\Container\\Container.php(758): Illuminate\\Container\\Container->build('config')
#1 C:\\xampp\\htdocs\\pizzeria\\example-app\\vendor\\laravel\\framework\\src\\Illuminate\\Foundation\\Application.php(853): Illuminate\\Container\\Container->resolve('config', Array, true)
#2 C:\\xampp\\htdocs\\pizzeria\\example-app\\vendor\\laravel\\framework\\src\\Illuminate\\Container\\Container.php(694): Illuminate\\Foundation\\Application->resolve('config', Array)
#3 C:\\xampp\\htdocs\\pizzeria\\example-app\\vendor\\laravel\\framework\\src\\Illuminate\\Foundation\\Application.php(838): Illuminate\\Container\\Container->make('config', Array)
#4 C:\\xampp\\htdocs\\pizzeria\\example-app\\vendor\\laravel\\framework\\src\\Illuminate\\Foundation\\helpers.php(119): Illuminate\\Foundation\\Application->make('config', Array)
#5 C:\\xampp\\htdocs\\pizzeria\\example-app\\vendor\\laravel\\framework\\src\\Illuminate\\Foundation\\helpers.php(275): app('config')
#6 C:\\xampp\\htdocs\\pizzeria\\example-app\\vendor\\laravel\\sanctum\\src\\Sanctum.php(44): config('app.url')
#7 C:\\xampp\\htdocs\\pizzeria\\example-app\\config\\sanctum.php(21): Laravel\\Sanctum\\Sanctum::currentApplicationUrlWithPort()
#8 C:\\xampp\\htdocs\\pizzeria\\example-app\\vendor\\laravel\\framework\\src\\Illuminate\\Foundation\\Bootstrap\\LoadConfiguration.php(72): require('C:\\\\xampp\\\\htdocs...')
#9 C:\\xampp\\htdocs\\pizzeria\\example-app\\vendor\\laravel\\framework\\src\\Illuminate\\Foundation\\Bootstrap\\LoadConfiguration.php(39): Illuminate\\Foundation\\Bootstrap\\LoadConfiguration->loadConfigurationFiles(Object(Illuminate\\Foundation\\Application), Object(Illuminate\\Config\\Repository))
#10 C:\\xampp\\htdocs\\pizzeria\\example-app\\vendor\\laravel\\framework\\src\\Illuminate\\Foundation\\Application.php(237): Illuminate\\Foundation\\Bootstrap\\LoadConfiguration->bootstrap(Object(Illuminate\\Foundation\\Application))
#11 C:\\xampp\\htdocs\\pizzeria\\example-app\\vendor\\laravel\\framework\\src\\Illuminate\\Foundation\\Console\\Kernel.php(310): Illuminate\\Foundation\\Application->bootstrapWith(Array)
#12 C:\\xampp\\htdocs\\pizzeria\\example-app\\vendor\\laravel\\framework\\src\\Illuminate\\Foundation\\Console\\Kernel.php(127): Illuminate\\Foundation\\Console\\Kernel->bootstrap()
#13 C:\\xampp\\htdocs\\pizzeria\\example-app\\artisan(37): Illuminate\\Foundation\\Console\\Kernel->handle(Object(Symfony\\Component\\Console\\Input\\ArgvInput), Object(Symfony\\Component\\Console\\Output\\ConsoleOutput))
#14 {main}

[previous exception] [object] (ReflectionException(code: -1): Class \"config\" does not exist at C:\\xampp\\htdocs\\pizzeria\\example-app\\vendor\\laravel\\framework\\src\\Illuminate\\Container\\Container.php:877)
[stacktrace]
#0 C:\\xampp\\htdocs\\pizzeria\\example-app\\vendor\\laravel\\framework\\src\\Illuminate\\Container\\Container.php(877): ReflectionClass->__construct('config')
#1 C:\\xampp\\htdocs\\pizzeria\\example-app\\vendor\\laravel\\framework\\src\\Illuminate\\Container\\Container.php(758): Illuminate\\Container\\Container->build('config')
#2 C:\\xampp\\htdocs\\pizzeria\\example-app\\vendor\\laravel\\framework\\src\\Illuminate\\Foundation\\Application.php(853): Illuminate\\Container\\Container->resolve('config', Array, true)
#3 C:\\xampp\\htdocs\\pizzeria\\example-app\\vendor\\laravel\\framework\\src\\Illuminate\\Container\\Container.php(694): Illuminate\\Foundation\\Application->resolve('config', Array)
#4 C:\\xampp\\htdocs\\pizzeria\\example-app\\vendor\\laravel\\framework\\src\\Illuminate\\Foundation\\Application.php(838): Illuminate\\Container\\Container->make('config', Array)
#5 C:\\xampp\\htdocs\\pizzeria\\example-app\\vendor\\laravel\\framework\\src\\Illuminate\\Foundation\\helpers.php(119): Illuminate\\Foundation\\Application->make('config', Array)
#6 C:\\xampp\\htdocs\\pizzeria\\example-app\\vendor\\laravel\\framework\\src\\Illuminate\\Foundation\\helpers.php(275): app('config')
#7 C:\\xampp\\htdocs\\pizzeria\\example-app\\vendor\\laravel\\sanctum\\src\\Sanctum.php(44): config('app.url')
#8 C:\\xampp\\htdocs\\pizzeria\\example-app\\config\\sanctum.php(21): Laravel\\Sanctum\\Sanctum::currentApplicationUrlWithPort()
#9 C:\\xampp\\htdocs\\pizzeria\\example-app\\vendor\\laravel\\framework\\src\\Illuminate\\Foundation\\Bootstrap\\LoadConfiguration.php(72): require('C:\\\\xampp\\\\htdocs...')
#10 C:\\xampp\\htdocs\\pizzeria\\example-app\\vendor\\laravel\\framework\\src\\Illuminate\\Foundation\\Bootstrap\\LoadConfiguration.php(39): Illuminate\\Foundation\\Bootstrap\\LoadConfiguration->loadConfigurationFiles(Object(Illuminate\\Foundation\\Application), Object(Illuminate\\Config\\Repository))
#11 C:\\xampp\\htdocs\\pizzeria\\example-app\\vendor\\laravel\\framework\\src\\Illuminate\\Foundation\\Application.php(237): Illuminate\\Foundation\\Bootstrap\\LoadConfiguration->bootstrap(Object(Illuminate\\Foundation\\Application))
#12 C:\\xampp\\htdocs\\pizzeria\\example-app\\vendor\\laravel\\framework\\src\\Illuminate\\Foundation\\Console\\Kernel.php(310): Illuminate\\Foundation\\Application->bootstrapWith(Array)
#13 C:\\xampp\\htdocs\\pizzeria\\example-app\\vendor\\laravel\\framework\\src\\Illuminate\\Foundation\\Console\\Kernel.php(127): Illuminate\\Foundation\\Console\\Kernel->bootstrap()
#14 C:\\xampp\\htdocs\\pizzeria\\example-app\\artisan(37): Illuminate\\Foundation\\Console\\Kernel->handle(Object(Symfony\\Component\\Console\\Input\\ArgvInput), Object(Symfony\\Component\\Console\\Output\\ConsoleOutput))
#15 {main}
"} 
[2026-02-09 21:49:03] production.ERROR: Target class [config] does not exist. {"exception":"[object] (Illuminate\\Contracts\\Container\\BindingResolutionException(code: 0): Target class [config] does not exist. at C:\\xampp\\htdocs\\pizzeria\\example-app\\vendor\\laravel\\framework\\src\\Illuminate\\Container\\Container.php:879)
[stacktrace]
#0 C:\\xampp\\htdocs\\pizzeria\\example-app\\vendor\\laravel\\framework\\src\\Illuminate\\Container\\Container.php(758): Illuminate\\Container\\Container->build('config')
#1 C:\\xampp\\htdocs\\pizzeria\\example-app\\vendor\\laravel\\framework\\src\\Illuminate\\Foundation\\Application.php(853): Illuminate\\Container\\Container->resolve('config', Array, true)
#2 C:\\xampp\\htdocs\\pizzeria\\example-app\\vendor\\laravel\\framework\\src\\Illuminate\\Container\\Container.php(694): Illuminate\\Foundation\\Application->resolve('config', Array)
#3 C:\\xampp\\htdocs\\pizzeria\\example-app\\vendor\\laravel\\framework\\src\\Illuminate\\Foundation\\Application.php(838): Illuminate\\Container\\Container->make('config', Array)
#4 C:\\xampp\\htdocs\\pizzeria\\example-app\\vendor\\laravel\\framework\\src\\Illuminate\\Foundation\\helpers.php(119): Illuminate\\Foundation\\Application->make('config', Array)
#5 C:\\xampp\\htdocs\\pizzeria\\example-app\\vendor\\laravel\\framework\\src\\Illuminate\\Foundation\\helpers.php(275): app('config')
#6 C:\\xampp\\htdocs\\pizzeria\\example-app\\vendor\\laravel\\sanctum\\src\\Sanctum.php(44): config('app.url')
#7 C:\\xampp\\htdocs\\pizzeria\\example-app\\config\\sanctum.php(21): Laravel\\Sanctum\\Sanctum::currentApplicationUrlWithPort()
#8 C:\\xampp\\htdocs\\pizzeria\\example-app\\vendor\\laravel\\framework\\src\\Illuminate\\Foundation\\Bootstrap\\LoadConfiguration.php(72): require('C:\\\\xampp\\\\htdocs...')
#9 C:\\xampp\\htdocs\\pizzeria\\example-app\\vendor\\laravel\\framework\\src\\Illuminate\\Foundation\\Bootstrap\\LoadConfiguration.php(39): Illuminate\\Foundation\\Bootstrap\\LoadConfiguration->loadConfigurationFiles(Object(Illuminate\\Foundation\\Application), Object(Illuminate\\Config\\Repository))
#10 C:\\xampp\\htdocs\\pizzeria\\example-app\\vendor\\laravel\\framework\\src\\Illuminate\\Foundation\\Application.php(237): Illuminate\\Foundation\\Bootstrap\\LoadConfiguration->bootstrap(Object(Illuminate\\Foundation\\Application))
#11 C:\\xampp\\htdocs\\pizzeria\\example-app\\vendor\\laravel\\framework\\src\\Illuminate\\Foundation\\Console\\Kernel.php(310): Illuminate\\Foundation\\Application->bootstrapWith(Array)
#12 C:\\xampp\\htdocs\\pizzeria\\example-app\\vendor\\laravel\\framework\\src\\Illuminate\\Foundation\\Console\\Kernel.php(127): Illuminate\\Foundation\\Console\\Kernel->bootstrap()
#13 C:\\xampp\\htdocs\\pizzeria\\example-app\\artisan(37): Illuminate\\Foundation\\Console\\Kernel->handle(Object(Symfony\\Component\\Console\\Input\\ArgvInput), Object(Symfony\\Component\\Console\\Output\\ConsoleOutput))
#14 {main}

[previous exception] [object] (ReflectionException(code: -1): Class \"config\" does not exist at C:\\xampp\\htdocs\\pizzeria\\example-app\\vendor\\laravel\\framework\\src\\Illuminate\\Container\\Container.php:877)
[stacktrace]
#0 C:\\xampp\\htdocs\\pizzeria\\example-app\\vendor\\laravel\\framework\\src\\Illuminate\\Container\\Container.php(877): ReflectionClass->__construct('config')
#1 C:\\xampp\\htdocs\\pizzeria\\example-app\\vendor\\laravel\\framework\\src\\Illuminate\\Container\\Container.php(758): Illuminate\\Container\\Container->build('config')
#2 C:\\xampp\\htdocs\\pizzeria\\example-app\\vendor\\laravel\\framework\\src\\Illuminate\\Foundation\\Application.php(853): Illuminate\\Container\\Container->resolve('config', Array, true)
#3 C:\\xampp\\htdocs\\pizzeria\\example-app\\vendor\\laravel\\framework\\src\\Illuminate\\Container\\Container.php(694): Illuminate\\Foundation\\Application->resolve('config', Array)
#4 C:\\xampp\\htdocs\\pizzeria\\example-app\\vendor\\laravel\\framework\\src\\Illuminate\\Foundation\\Application.php(838): Illuminate\\Container\\Container->make('config', Array)
#5 C:\\xampp\\htdocs\\pizzeria\\example-app\\vendor\\laravel\\framework\\src\\Illuminate\\Foundation\\helpers.php(119): Illuminate\\Foundation\\Application->make('config', Array)
#6 C:\\xampp\\htdocs\\pizzeria\\example-app\\vendor\\laravel\\framework\\src\\Illuminate\\Foundation\\helpers.php(275): app('config')
#7 C:\\xampp\\htdocs\\pizzeria\\example-app\\vendor\\laravel\\sanctum\\src\\Sanctum.php(44): config('app.url')
#8 C:\\xampp\\htdocs\\pizzeria\\example-app\\config\\sanctum.php(21): Laravel\\Sanctum\\Sanctum::currentApplicationUrlWithPort()
#9 C:\\xampp\\htdocs\\pizzeria\\example-app\\vendor\\laravel\\framework\\src\\Illuminate\\Foundation\\Bootstrap\\LoadConfiguration.php(72): require('C:\\\\xampp\\\\htdocs...')
#10 C:\\xampp\\htdocs\\pizzeria\\example-app\\vendor\\laravel\\framework\\src\\Illuminate\\Foundation\\Bootstrap\\LoadConfiguration.php(39): Illuminate\\Foundation\\Bootstrap\\LoadConfiguration->loadConfigurationFiles(Object(Illuminate\\Foundation\\Application), Object(Illuminate\\Config\\Repository))
#11 C:\\xampp\\htdocs\\pizzeria\\example-app\\vendor\\laravel\\framework\\src\\Illuminate\\Foundation\\Application.php(237): Illuminate\\Foundation\\Bootstrap\\LoadConfiguration->bootstrap(Object(Illuminate\\Foundation\\Application))
#12 C:\\xampp\\htdocs\\pizzeria\\example-app\\vendor\\laravel\\framework\\src\\Illuminate\\Foundation\\Console\\Kernel.php(310): Illuminate\\Foundation\\Application->bootstrapWith(Array)
#13 C:\\xampp\\htdocs\\pizzeria\\example-app\\vendor\\laravel\\framework\\src\\Illuminate\\Foundation\\Console\\Kernel.php(127): Illuminate\\Foundation\\Console\\Kernel->bootstrap()
#14 C:\\xampp\\htdocs\\pizzeria\\example-app\\artisan(37): Illuminate\\Foundation\\Console\\Kernel->handle(Object(Symfony\\Component\\Console\\Input\\ArgvInput), Object(Symfony\\Component\\Console\\Output\\ConsoleOutput))
#15 {main}
"} 
[2026-02-09 21:57:37] production.ERROR: Target class [config] does not exist. {"exception":"[object] (Illuminate\\Contracts\\Container\\BindingResolutionException(code: 0): Target class [config] does not exist. at C:\\xampp\\htdocs\\pizzeria\\example-app\\vendor\\laravel\\framework\\src\\Illuminate\\Container\\Container.php:879)
[stacktrace]
#0 C:\\xampp\\htdocs\\pizzeria\\example-app\\vendor\\laravel\\framework\\src\\Illuminate\\Container\\Container.php(758): Illuminate\\Container\\Container->build('config')
#1 C:\\xampp\\htdocs\\pizzeria\\example-app\\vendor\\laravel\\framework\\src\\Illuminate\\Foundation\\Application.php(853): Illuminate\\Container\\Container->resolve('config', Array, true)
#2 C:\\xampp\\htdocs\\pizzeria\\example-app\\vendor\\laravel\\framework\\src\\Illuminate\\Container\\Container.php(694): Illuminate\\Foundation\\Application->resolve('config', Array)
#3 C:\\xampp\\htdocs\\pizzeria\\example-app\\vendor\\laravel\\framework\\src\\Illuminate\\Foundation\\Application.php(838): Illuminate\\Container\\Container->make('config', Array)
#4 C:\\xampp\\htdocs\\pizzeria\\example-app\\vendor\\laravel\\framework\\src\\Illuminate\\Foundation\\helpers.php(119): Illuminate\\Foundation\\Application->make('config', Array)
#5 C:\\xampp\\htdocs\\pizzeria\\example-app\\vendor\\laravel\\framework\\src\\Illuminate\\Foundation\\helpers.php(275): app('config')
#6 C:\\xampp\\htdocs\\pizzeria\\example-app\\vendor\\laravel\\sanctum\\src\\Sanctum.php(44): config('app.url')
#7 C:\\xampp\\htdocs\\pizzeria\\example-app\\config\\sanctum.php(21): Laravel\\Sanctum\\Sanctum::currentApplicationUrlWithPort()
#8 C:\\xampp\\htdocs\\pizzeria\\example-app\\vendor\\laravel\\framework\\src\\Illuminate\\Foundation\\Bootstrap\\LoadConfiguration.php(72): require('C:\\\\xampp\\\\htdocs...')
#9 C:\\xampp\\htdocs\\pizzeria\\example-app\\vendor\\laravel\\framework\\src\\Illuminate\\Foundation\\Bootstrap\\LoadConfiguration.php(39): Illuminate\\Foundation\\Bootstrap\\LoadConfiguration->loadConfigurationFiles(Object(Illuminate\\Foundation\\Application), Object(Illuminate\\Config\\Repository))
#10 C:\\xampp\\htdocs\\pizzeria\\example-app\\vendor\\laravel\\framework\\src\\Illuminate\\Foundation\\Application.php(237): Illuminate\\Foundation\\Bootstrap\\LoadConfiguration->bootstrap(Object(Illuminate\\Foundation\\Application))
#11 C:\\xampp\\htdocs\\pizzeria\\example-app\\vendor\\laravel\\framework\\src\\Illuminate\\Foundation\\Console\\Kernel.php(310): Illuminate\\Foundation\\Application->bootstrapWith(Array)
#12 C:\\xampp\\htdocs\\pizzeria\\example-app\\vendor\\laravel\\framework\\src\\Illuminate\\Foundation\\Console\\Kernel.php(127): Illuminate\\Foundation\\Console\\Kernel->bootstrap()
#13 C:\\xampp\\htdocs\\pizzeria\\example-app\\artisan(37): Illuminate\\Foundation\\Console\\Kernel->handle(Object(Symfony\\Component\\Console\\Input\\ArgvInput), Object(Symfony\\Component\\Console\\Output\\ConsoleOutput))
#14 {main}

[previous exception] [object] (ReflectionException(code: -1): Class \"config\" does not exist at C:\\xampp\\htdocs\\pizzeria\\example-app\\vendor\\laravel\\framework\\src\\Illuminate\\Container\\Container.php:877)
[stacktrace]
#0 C:\\xampp\\htdocs\\pizzeria\\example-app\\vendor\\laravel\\framework\\src\\Illuminate\\Container\\Container.php(877): ReflectionClass->__construct('config')
#1 C:\\xampp\\htdocs\\pizzeria\\example-app\\vendor\\laravel\\framework\\src\\Illuminate\\Container\\Container.php(758): Illuminate\\Container\\Container->build('config')
#2 C:\\xampp\\htdocs\\pizzeria\\example-app\\vendor\\laravel\\framework\\src\\Illuminate\\Foundation\\Application.php(853): Illuminate\\Container\\Container->resolve('config', Array, true)
#3 C:\\xampp\\htdocs\\pizzeria\\example-app\\vendor\\laravel\\framework\\src\\Illuminate\\Container\\Container.php(694): Illuminate\\Foundation\\Application->resolve('config', Array)
#4 C:\\xampp\\htdocs\\pizzeria\\example-app\\vendor\\laravel\\framework\\src\\Illuminate\\Foundation\\Application.php(838): Illuminate\\Container\\Container->make('config', Array)
#5 C:\\xampp\\htdocs\\pizzeria\\example-app\\vendor\\laravel\\framework\\src\\Illuminate\\Foundation\\helpers.php(119): Illuminate\\Foundation\\Application->make('config', Array)
#6 C:\\xampp\\htdocs\\pizzeria\\example-app\\vendor\\laravel\\framework\\src\\Illuminate\\Foundation\\helpers.php(275): app('config')
#7 C:\\xampp\\htdocs\\pizzeria\\example-app\\vendor\\laravel\\sanctum\\src\\Sanctum.php(44): config('app.url')
#8 C:\\xampp\\htdocs\\pizzeria\\example-app\\config\\sanctum.php(21): Laravel\\Sanctum\\Sanctum::currentApplicationUrlWithPort()
#9 C:\\xampp\\htdocs\\pizzeria\\example-app\\vendor\\laravel\\framework\\src\\Illuminate\\Foundation\\Bootstrap\\LoadConfiguration.php(72): require('C:\\\\xampp\\\\htdocs...')
#10 C:\\xampp\\htdocs\\pizzeria\\example-app\\vendor\\laravel\\framework\\src\\Illuminate\\Foundation\\Bootstrap\\LoadConfiguration.php(39): Illuminate\\Foundation\\Bootstrap\\LoadConfiguration->loadConfigurationFiles(Object(Illuminate\\Foundation\\Application), Object(Illuminate\\Config\\Repository))
#11 C:\\xampp\\htdocs\\pizzeria\\example-app\\vendor\\laravel\\framework\\src\\Illuminate\\Foundation\\Application.php(237): Illuminate\\Foundation\\Bootstrap\\LoadConfiguration->bootstrap(Object(Illuminate\\Foundation\\Application))
#12 C:\\xampp\\htdocs\\pizzeria\\example-app\\vendor\\laravel\\framework\\src\\Illuminate\\Foundation\\Console\\Kernel.php(310): Illuminate\\Foundation\\Application->bootstrapWith(Array)
#13 C:\\xampp\\htdocs\\pizzeria\\example-app\\vendor\\laravel\\framework\\src\\Illuminate\\Foundation\\Console\\Kernel.php(127): Illuminate\\Foundation\\Console\\Kernel->bootstrap()
#14 C:\\xampp\\htdocs\\pizzeria\\example-app\\artisan(37): Illuminate\\Foundation\\Console\\Kernel->handle(Object(Symfony\\Component\\Console\\Input\\ArgvInput), Object(Symfony\\Component\\Console\\Output\\ConsoleOutput))
#15 {main}
"} 
[2026-02-09 23:30:37] production.ERROR: Target class [config] does not exist. {"exception":"[object] (Illuminate\\Contracts\\Container\\BindingResolutionException(code: 0): Target class [config] does not exist. at C:\\xampp\\htdocs\\pizzeria\\example-app\\vendor\\laravel\\framework\\src\\Illuminate\\Container\\Container.php:914)
[stacktrace]
#0 C:\\xampp\\htdocs\\pizzeria\\example-app\\vendor\\laravel\\framework\\src\\Illuminate\\Container\\Container.php(795): Illuminate\\Container\\Container->build('config')
#1 C:\\xampp\\htdocs\\pizzeria\\example-app\\vendor\\laravel\\framework\\src\\Illuminate\\Foundation\\Application.php(933): Illuminate\\Container\\Container->resolve('config', Array, true)
#2 C:\\xampp\\htdocs\\pizzeria\\example-app\\vendor\\laravel\\framework\\src\\Illuminate\\Container\\Container.php(731): Illuminate\\Foundation\\Application->resolve('config', Array)
#3 C:\\xampp\\htdocs\\pizzeria\\example-app\\vendor\\laravel\\framework\\src\\Illuminate\\Foundation\\Application.php(918): Illuminate\\Container\\Container->make('config', Array)
#4 C:\\xampp\\htdocs\\pizzeria\\example-app\\vendor\\laravel\\framework\\src\\Illuminate\\Foundation\\helpers.php(120): Illuminate\\Foundation\\Application->make('config', Array)
#5 C:\\xampp\\htdocs\\pizzeria\\example-app\\vendor\\laravel\\framework\\src\\Illuminate\\Foundation\\helpers.php(274): app('config')
#6 C:\\xampp\\htdocs\\pizzeria\\example-app\\vendor\\laravel\\sanctum\\src\\Sanctum.php(44): config('app.url')
#7 C:\\xampp\\htdocs\\pizzeria\\example-app\\config\\sanctum.php(21): Laravel\\Sanctum\\Sanctum::currentApplicationUrlWithPort()
#8 C:\\xampp\\htdocs\\pizzeria\\example-app\\vendor\\laravel\\framework\\src\\Illuminate\\Foundation\\Bootstrap\\LoadConfiguration.php(70): require('C:\\\\xampp\\\\htdocs...')
#9 C:\\xampp\\htdocs\\pizzeria\\example-app\\vendor\\laravel\\framework\\src\\Illuminate\\Foundation\\Bootstrap\\LoadConfiguration.php(39): Illuminate\\Foundation\\Bootstrap\\LoadConfiguration->loadConfigurationFiles(Object(Illuminate\\Foundation\\Application), Object(Illuminate\\Config\\Repository))
#10 C:\\xampp\\htdocs\\pizzeria\\example-app\\vendor\\laravel\\framework\\src\\Illuminate\\Foundation\\Application.php(261): Illuminate\\Foundation\\Bootstrap\\LoadConfiguration->bootstrap(Object(Illuminate\\Foundation\\Application))
#11 C:\\xampp\\htdocs\\pizzeria\\example-app\\vendor\\laravel\\framework\\src\\Illuminate\\Foundation\\Console\\Kernel.php(434): Illuminate\\Foundation\\Application->bootstrapWith(Array)
#12 C:\\xampp\\htdocs\\pizzeria\\example-app\\vendor\\laravel\\framework\\src\\Illuminate\\Foundation\\Console\\Kernel.php(198): Illuminate\\Foundation\\Console\\Kernel->bootstrap()
#13 C:\\xampp\\htdocs\\pizzeria\\example-app\\artisan(37): Illuminate\\Foundation\\Console\\Kernel->handle(Object(Symfony\\Component\\Console\\Input\\ArgvInput), Object(Symfony\\Component\\Console\\Output\\ConsoleOutput))
#14 {main}

[previous exception] [object] (ReflectionException(code: -1): Class \"config\" does not exist at C:\\xampp\\htdocs\\pizzeria\\example-app\\vendor\\laravel\\framework\\src\\Illuminate\\Container\\Container.php:912)
[stacktrace]
#0 C:\\xampp\\htdocs\\pizzeria\\example-app\\vendor\\laravel\\framework\\src\\Illuminate\\Container\\Container.php(912): ReflectionClass->__construct('config')
#1 C:\\xampp\\htdocs\\pizzeria\\example-app\\vendor\\laravel\\framework\\src\\Illuminate\\Container\\Container.php(795): Illuminate\\Container\\Container->build('config')
#2 C:\\xampp\\htdocs\\pizzeria\\example-app\\vendor\\laravel\\framework\\src\\Illuminate\\Foundation\\Application.php(933): Illuminate\\Container\\Container->resolve('config', Array, true)
#3 C:\\xampp\\htdocs\\pizzeria\\example-app\\vendor\\laravel\\framework\\src\\Illuminate\\Container\\Container.php(731): Illuminate\\Foundation\\Application->resolve('config', Array)
#4 C:\\xampp\\htdocs\\pizzeria\\example-app\\vendor\\laravel\\framework\\src\\Illuminate\\Foundation\\Application.php(918): Illuminate\\Container\\Container->make('config', Array)
#5 C:\\xampp\\htdocs\\pizzeria\\example-app\\vendor\\laravel\\framework\\src\\Illuminate\\Foundation\\helpers.php(120): Illuminate\\Foundation\\Application->make('config', Array)
#6 C:\\xampp\\htdocs\\pizzeria\\example-app\\vendor\\laravel\\framework\\src\\Illuminate\\Foundation\\helpers.php(274): app('config')
#7 C:\\xampp\\htdocs\\pizzeria\\example-app\\vendor\\laravel\\sanctum\\src\\Sanctum.php(44): config('app.url')
#8 C:\\xampp\\htdocs\\pizzeria\\example-app\\config\\sanctum.php(21): Laravel\\Sanctum\\Sanctum::currentApplicationUrlWithPort()
#9 C:\\xampp\\htdocs\\pizzeria\\example-app\\vendor\\laravel\\framework\\src\\Illuminate\\Foundation\\Bootstrap\\LoadConfiguration.php(70): require('C:\\\\xampp\\\\htdocs...')
#10 C:\\xampp\\htdocs\\pizzeria\\example-app\\vendor\\laravel\\framework\\src\\Illuminate\\Foundation\\Bootstrap\\LoadConfiguration.php(39): Illuminate\\Foundation\\Bootstrap\\LoadConfiguration->loadConfigurationFiles(Object(Illuminate\\Foundation\\Application), Object(Illuminate\\Config\\Repository))
#11 C:\\xampp\\htdocs\\pizzeria\\example-app\\vendor\\laravel\\framework\\src\\Illuminate\\Foundation\\Application.php(261): Illuminate\\Foundation\\Bootstrap\\LoadConfiguration->bootstrap(Object(Illuminate\\Foundation\\Application))
#12 C:\\xampp\\htdocs\\pizzeria\\example-app\\vendor\\laravel\\framework\\src\\Illuminate\\Foundation\\Console\\Kernel.php(434): Illuminate\\Foundation\\Application->bootstrapWith(Array)
#13 C:\\xampp\\htdocs\\pizzeria\\example-app\\vendor\\laravel\\framework\\src\\Illuminate\\Foundation\\Console\\Kernel.php(198): Illuminate\\Foundation\\Console\\Kernel->bootstrap()
#14 C:\\xampp\\htdocs\\pizzeria\\example-app\\artisan(37): Illuminate\\Foundation\\Console\\Kernel->handle(Object(Symfony\\Component\\Console\\Input\\ArgvInput), Object(Symfony\\Component\\Console\\Output\\ConsoleOutput))
#15 {main}
"} 
[2026-02-09 23:30:37] production.ERROR: Target class [config] does not exist. {"exception":"[object] (Illuminate\\Contracts\\Container\\BindingResolutionException(code: 0): Target class [config] does not exist. at C:\\xampp\\htdocs\\pizzeria\\example-app\\vendor\\laravel\\framework\\src\\Illuminate\\Container\\Container.php:914)
[stacktrace]
#0 C:\\xampp\\htdocs\\pizzeria\\example-app\\vendor\\laravel\\framework\\src\\Illuminate\\Container\\Container.php(795): Illuminate\\Container\\Container->build('config')
#1 C:\\xampp\\htdocs\\pizzeria\\example-app\\vendor\\laravel\\framework\\src\\Illuminate\\Foundation\\Application.php(933): Illuminate\\Container\\Container->resolve('config', Array, true)
#2 C:\\xampp\\htdocs\\pizzeria\\example-app\\vendor\\laravel\\framework\\src\\Illuminate\\Container\\Container.php(731): Illuminate\\Foundation\\Application->resolve('config', Array)
#3 C:\\xampp\\htdocs\\pizzeria\\example-app\\vendor\\laravel\\framework\\src\\Illuminate\\Foundation\\Application.php(918): Illuminate\\Container\\Container->make('config', Array)
#4 C:\\xampp\\htdocs\\pizzeria\\example-app\\vendor\\laravel\\framework\\src\\Illuminate\\Foundation\\helpers.php(120): Illuminate\\Foundation\\Application->make('config', Array)
#5 C:\\xampp\\htdocs\\pizzeria\\example-app\\vendor\\laravel\\framework\\src\\Illuminate\\Foundation\\helpers.php(274): app('config')
#6 C:\\xampp\\htdocs\\pizzeria\\example-app\\vendor\\laravel\\sanctum\\src\\Sanctum.php(44): config('app.url')
#7 C:\\xampp\\htdocs\\pizzeria\\example-app\\config\\sanctum.php(21): Laravel\\Sanctum\\Sanctum::currentApplicationUrlWithPort()
#8 C:\\xampp\\htdocs\\pizzeria\\example-app\\vendor\\laravel\\framework\\src\\Illuminate\\Foundation\\Bootstrap\\LoadConfiguration.php(70): require('C:\\\\xampp\\\\htdocs...')
#9 C:\\xampp\\htdocs\\pizzeria\\example-app\\vendor\\laravel\\framework\\src\\Illuminate\\Foundation\\Bootstrap\\LoadConfiguration.php(39): Illuminate\\Foundation\\Bootstrap\\LoadConfiguration->loadConfigurationFiles(Object(Illuminate\\Foundation\\Application), Object(Illuminate\\Config\\Repository))
#10 C:\\xampp\\htdocs\\pizzeria\\example-app\\vendor\\laravel\\framework\\src\\Illuminate\\Foundation\\Application.php(261): Illuminate\\Foundation\\Bootstrap\\LoadConfiguration->bootstrap(Object(Illuminate\\Foundation\\Application))
#11 C:\\xampp\\htdocs\\pizzeria\\example-app\\vendor\\laravel\\framework\\src\\Illuminate\\Foundation\\Console\\Kernel.php(434): Illuminate\\Foundation\\Application->bootstrapWith(Array)
#12 C:\\xampp\\htdocs\\pizzeria\\example-app\\vendor\\laravel\\framework\\src\\Illuminate\\Foundation\\Console\\Kernel.php(198): Illuminate\\Foundation\\Console\\Kernel->bootstrap()
#13 C:\\xampp\\htdocs\\pizzeria\\example-app\\artisan(37): Illuminate\\Foundation\\Console\\Kernel->handle(Object(Symfony\\Component\\Console\\Input\\ArgvInput), Object(Symfony\\Component\\Console\\Output\\ConsoleOutput))
#14 {main}

[previous exception] [object] (ReflectionException(code: -1): Class \"config\" does not exist at C:\\xampp\\htdocs\\pizzeria\\example-app\\vendor\\laravel\\framework\\src\\Illuminate\\Container\\Container.php:912)
[stacktrace]
#0 C:\\xampp\\htdocs\\pizzeria\\example-app\\vendor\\laravel\\framework\\src\\Illuminate\\Container\\Container.php(912): ReflectionClass->__construct('config')
#1 C:\\xampp\\htdocs\\pizzeria\\example-app\\vendor\\laravel\\framework\\src\\Illuminate\\Container\\Container.php(795): Illuminate\\Container\\Container->build('config')
#2 C:\\xampp\\htdocs\\pizzeria\\example-app\\vendor\\laravel\\framework\\src\\Illuminate\\Foundation\\Application.php(933): Illuminate\\Container\\Container->resolve('config', Array, true)
#3 C:\\xampp\\htdocs\\pizzeria\\example-app\\vendor\\laravel\\framework\\src\\Illuminate\\Container\\Container.php(731): Illuminate\\Foundation\\Application->resolve('config', Array)
#4 C:\\xampp\\htdocs\\pizzeria\\example-app\\vendor\\laravel\\framework\\src\\Illuminate\\Foundation\\Application.php(918): Illuminate\\Container\\Container->make('config', Array)
#5 C:\\xampp\\htdocs\\pizzeria\\example-app\\vendor\\laravel\\framework\\src\\Illuminate\\Foundation\\helpers.php(120): Illuminate\\Foundation\\Application->make('config', Array)
#6 C:\\xampp\\htdocs\\pizzeria\\example-app\\vendor\\laravel\\framework\\src\\Illuminate\\Foundation\\helpers.php(274): app('config')
#7 C:\\xampp\\htdocs\\pizzeria\\example-app\\vendor\\laravel\\sanctum\\src\\Sanctum.php(44): config('app.url')
#8 C:\\xampp\\htdocs\\pizzeria\\example-app\\config\\sanctum.php(21): Laravel\\Sanctum\\Sanctum::currentApplicationUrlWithPort()
#9 C:\\xampp\\htdocs\\pizzeria\\example-app\\vendor\\laravel\\framework\\src\\Illuminate\\Foundation\\Bootstrap\\LoadConfiguration.php(70): require('C:\\\\xampp\\\\htdocs...')
#10 C:\\xampp\\htdocs\\pizzeria\\example-app\\vendor\\laravel\\framework\\src\\Illuminate\\Foundation\\Bootstrap\\LoadConfiguration.php(39): Illuminate\\Foundation\\Bootstrap\\LoadConfiguration->loadConfigurationFiles(Object(Illuminate\\Foundation\\Application), Object(Illuminate\\Config\\Repository))
#11 C:\\xampp\\htdocs\\pizzeria\\example-app\\vendor\\laravel\\framework\\src\\Illuminate\\Foundation\\Application.php(261): Illuminate\\Foundation\\Bootstrap\\LoadConfiguration->bootstrap(Object(Illuminate\\Foundation\\Application))
#12 C:\\xampp\\htdocs\\pizzeria\\example-app\\vendor\\laravel\\framework\\src\\Illuminate\\Foundation\\Console\\Kernel.php(434): Illuminate\\Foundation\\Application->bootstrapWith(Array)
#13 C:\\xampp\\htdocs\\pizzeria\\example-app\\vendor\\laravel\\framework\\src\\Illuminate\\Foundation\\Console\\Kernel.php(198): Illuminate\\Foundation\\Console\\Kernel->bootstrap()
#14 C:\\xampp\\htdocs\\pizzeria\\example-app\\artisan(37): Illuminate\\Foundation\\Console\\Kernel->handle(Object(Symfony\\Component\\Console\\Input\\ArgvInput), Object(Symfony\\Component\\Console\\Output\\ConsoleOutput))
#15 {main}
"} 
[2026-02-09 23:30:38] production.ERROR: Target class [config] does not exist. {"exception":"[object] (Illuminate\\Contracts\\Container\\BindingResolutionException(code: 0): Target class [config] does not exist. at C:\\xampp\\htdocs\\pizzeria\\example-app\\vendor\\laravel\\framework\\src\\Illuminate\\Container\\Container.php:914)
[stacktrace]
#0 C:\\xampp\\htdocs\\pizzeria\\example-app\\vendor\\laravel\\framework\\src\\Illuminate\\Container\\Container.php(795): Illuminate\\Container\\Container->build('config')
#1 C:\\xampp\\htdocs\\pizzeria\\example-app\\vendor\\laravel\\framework\\src\\Illuminate\\Foundation\\Application.php(933): Illuminate\\Container\\Container->resolve('config', Array, true)
#2 C:\\xampp\\htdocs\\pizzeria\\example-app\\vendor\\laravel\\framework\\src\\Illuminate\\Container\\Container.php(731): Illuminate\\Foundation\\Application->resolve('config', Array)
#3 C:\\xampp\\htdocs\\pizzeria\\example-app\\vendor\\laravel\\framework\\src\\Illuminate\\Foundation\\Application.php(918): Illuminate\\Container\\Container->make('config', Array)
#4 C:\\xampp\\htdocs\\pizzeria\\example-app\\vendor\\laravel\\framework\\src\\Illuminate\\Foundation\\helpers.php(120): Illuminate\\Foundation\\Application->make('config', Array)
#5 C:\\xampp\\htdocs\\pizzeria\\example-app\\vendor\\laravel\\framework\\src\\Illuminate\\Foundation\\helpers.php(274): app('config')
#6 C:\\xampp\\htdocs\\pizzeria\\example-app\\vendor\\laravel\\sanctum\\src\\Sanctum.php(44): config('app.url')
#7 C:\\xampp\\htdocs\\pizzeria\\example-app\\config\\sanctum.php(21): Laravel\\Sanctum\\Sanctum::currentApplicationUrlWithPort()
#8 C:\\xampp\\htdocs\\pizzeria\\example-app\\vendor\\laravel\\framework\\src\\Illuminate\\Foundation\\Bootstrap\\LoadConfiguration.php(70): require('C:\\\\xampp\\\\htdocs...')
#9 C:\\xampp\\htdocs\\pizzeria\\example-app\\vendor\\laravel\\framework\\src\\Illuminate\\Foundation\\Bootstrap\\LoadConfiguration.php(39): Illuminate\\Foundation\\Bootstrap\\LoadConfiguration->loadConfigurationFiles(Object(Illuminate\\Foundation\\Application), Object(Illuminate\\Config\\Repository))
#10 C:\\xampp\\htdocs\\pizzeria\\example-app\\vendor\\laravel\\framework\\src\\Illuminate\\Foundation\\Application.php(261): Illuminate\\Foundation\\Bootstrap\\LoadConfiguration->bootstrap(Object(Illuminate\\Foundation\\Application))
#11 C:\\xampp\\htdocs\\pizzeria\\example-app\\vendor\\laravel\\framework\\src\\Illuminate\\Foundation\\Console\\Kernel.php(434): Illuminate\\Foundation\\Application->bootstrapWith(Array)
#12 C:\\xampp\\htdocs\\pizzeria\\example-app\\vendor\\laravel\\framework\\src\\Illuminate\\Foundation\\Console\\Kernel.php(198): Illuminate\\Foundation\\Console\\Kernel->bootstrap()
#13 C:\\xampp\\htdocs\\pizzeria\\example-app\\artisan(37): Illuminate\\Foundation\\Console\\Kernel->handle(Object(Symfony\\Component\\Console\\Input\\ArgvInput), Object(Symfony\\Component\\Console\\Output\\ConsoleOutput))
#14 {main}

[previous exception] [object] (ReflectionException(code: -1): Class \"config\" does not exist at C:\\xampp\\htdocs\\pizzeria\\example-app\\vendor\\laravel\\framework\\src\\Illuminate\\Container\\Container.php:912)
[stacktrace]
#0 C:\\xampp\\htdocs\\pizzeria\\example-app\\vendor\\laravel\\framework\\src\\Illuminate\\Container\\Container.php(912): ReflectionClass->__construct('config')
#1 C:\\xampp\\htdocs\\pizzeria\\example-app\\vendor\\laravel\\framework\\src\\Illuminate\\Container\\Container.php(795): Illuminate\\Container\\Container->build('config')
#2 C:\\xampp\\htdocs\\pizzeria\\example-app\\vendor\\laravel\\framework\\src\\Illuminate\\Foundation\\Application.php(933): Illuminate\\Container\\Container->resolve('config', Array, true)
#3 C:\\xampp\\htdocs\\pizzeria\\example-app\\vendor\\laravel\\framework\\src\\Illuminate\\Container\\Container.php(731): Illuminate\\Foundation\\Application->resolve('config', Array)
#4 C:\\xampp\\htdocs\\pizzeria\\example-app\\vendor\\laravel\\framework\\src\\Illuminate\\Foundation\\Application.php(918): Illuminate\\Container\\Container->make('config', Array)
#5 C:\\xampp\\htdocs\\pizzeria\\example-app\\vendor\\laravel\\framework\\src\\Illuminate\\Foundation\\helpers.php(120): Illuminate\\Foundation\\Application->make('config', Array)
#6 C:\\xampp\\htdocs\\pizzeria\\example-app\\vendor\\laravel\\framework\\src\\Illuminate\\Foundation\\helpers.php(274): app('config')
#7 C:\\xampp\\htdocs\\pizzeria\\example-app\\vendor\\laravel\\sanctum\\src\\Sanctum.php(44): config('app.url')
#8 C:\\xampp\\htdocs\\pizzeria\\example-app\\config\\sanctum.php(21): Laravel\\Sanctum\\Sanctum::currentApplicationUrlWithPort()
#9 C:\\xampp\\htdocs\\pizzeria\\example-app\\vendor\\laravel\\framework\\src\\Illuminate\\Foundation\\Bootstrap\\LoadConfiguration.php(70): require('C:\\\\xampp\\\\htdocs...')
#10 C:\\xampp\\htdocs\\pizzeria\\example-app\\vendor\\laravel\\framework\\src\\Illuminate\\Foundation\\Bootstrap\\LoadConfiguration.php(39): Illuminate\\Foundation\\Bootstrap\\LoadConfiguration->loadConfigurationFiles(Object(Illuminate\\Foundation\\Application), Object(Illuminate\\Config\\Repository))
#11 C:\\xampp\\htdocs\\pizzeria\\example-app\\vendor\\laravel\\framework\\src\\Illuminate\\Foundation\\Application.php(261): Illuminate\\Foundation\\Bootstrap\\LoadConfiguration->bootstrap(Object(Illuminate\\Foundation\\Application))
#12 C:\\xampp\\htdocs\\pizzeria\\example-app\\vendor\\laravel\\framework\\src\\Illuminate\\Foundation\\Console\\Kernel.php(434): Illuminate\\Foundation\\Application->bootstrapWith(Array)
#13 C:\\xampp\\htdocs\\pizzeria\\example-app\\vendor\\laravel\\framework\\src\\Illuminate\\Foundation\\Console\\Kernel.php(198): Illuminate\\Foundation\\Console\\Kernel->bootstrap()
#14 C:\\xampp\\htdocs\\pizzeria\\example-app\\artisan(37): Illuminate\\Foundation\\Console\\Kernel->handle(Object(Symfony\\Component\\Console\\Input\\ArgvInput), Object(Symfony\\Component\\Console\\Output\\ConsoleOutput))
#15 {main}
"} 
[2026-02-09 23:31:05] production.ERROR: Target class [config] does not exist. {"exception":"[object] (Illuminate\\Contracts\\Container\\BindingResolutionException(code: 0): Target class [config] does not exist. at C:\\xampp\\htdocs\\pizzeria\\example-app\\vendor\\laravel\\framework\\src\\Illuminate\\Container\\Container.php:914)
[stacktrace]
#0 C:\\xampp\\htdocs\\pizzeria\\example-app\\vendor\\laravel\\framework\\src\\Illuminate\\Container\\Container.php(795): Illuminate\\Container\\Container->build('config')
#1 C:\\xampp\\htdocs\\pizzeria\\example-app\\vendor\\laravel\\framework\\src\\Illuminate\\Foundation\\Application.php(933): Illuminate\\Container\\Container->resolve('config', Array, true)
#2 C:\\xampp\\htdocs\\pizzeria\\example-app\\vendor\\laravel\\framework\\src\\Illuminate\\Container\\Container.php(731): Illuminate\\Foundation\\Application->resolve('config', Array)
#3 C:\\xampp\\htdocs\\pizzeria\\example-app\\vendor\\laravel\\framework\\src\\Illuminate\\Foundation\\Application.php(918): Illuminate\\Container\\Container->make('config', Array)
#4 C:\\xampp\\htdocs\\pizzeria\\example-app\\vendor\\laravel\\framework\\src\\Illuminate\\Foundation\\helpers.php(120): Illuminate\\Foundation\\Application->make('config', Array)
#5 C:\\xampp\\htdocs\\pizzeria\\example-app\\vendor\\laravel\\framework\\src\\Illuminate\\Foundation\\helpers.php(274): app('config')
#6 C:\\xampp\\htdocs\\pizzeria\\example-app\\vendor\\laravel\\sanctum\\src\\Sanctum.php(44): config('app.url')
#7 C:\\xampp\\htdocs\\pizzeria\\example-app\\config\\sanctum.php(21): Laravel\\Sanctum\\Sanctum::currentApplicationUrlWithPort()
#8 C:\\xampp\\htdocs\\pizzeria\\example-app\\vendor\\laravel\\framework\\src\\Illuminate\\Foundation\\Bootstrap\\LoadConfiguration.php(70): require('C:\\\\xampp\\\\htdocs...')
#9 C:\\xampp\\htdocs\\pizzeria\\example-app\\vendor\\laravel\\framework\\src\\Illuminate\\Foundation\\Bootstrap\\LoadConfiguration.php(39): Illuminate\\Foundation\\Bootstrap\\LoadConfiguration->loadConfigurationFiles(Object(Illuminate\\Foundation\\Application), Object(Illuminate\\Config\\Repository))
#10 C:\\xampp\\htdocs\\pizzeria\\example-app\\vendor\\laravel\\framework\\src\\Illuminate\\Foundation\\Application.php(261): Illuminate\\Foundation\\Bootstrap\\LoadConfiguration->bootstrap(Object(Illuminate\\Foundation\\Application))
#11 C:\\xampp\\htdocs\\pizzeria\\example-app\\vendor\\laravel\\framework\\src\\Illuminate\\Foundation\\Console\\Kernel.php(434): Illuminate\\Foundation\\Application->bootstrapWith(Array)
#12 C:\\xampp\\htdocs\\pizzeria\\example-app\\vendor\\laravel\\framework\\src\\Illuminate\\Foundation\\Console\\Kernel.php(198): Illuminate\\Foundation\\Console\\Kernel->bootstrap()
#13 C:\\xampp\\htdocs\\pizzeria\\example-app\\artisan(37): Illuminate\\Foundation\\Console\\Kernel->handle(Object(Symfony\\Component\\Console\\Input\\ArgvInput), Object(Symfony\\Component\\Console\\Output\\ConsoleOutput))
#14 {main}

[previous exception] [object] (ReflectionException(code: -1): Class \"config\" does not exist at C:\\xampp\\htdocs\\pizzeria\\example-app\\vendor\\laravel\\framework\\src\\Illuminate\\Container\\Container.php:912)
[stacktrace]
#0 C:\\xampp\\htdocs\\pizzeria\\example-app\\vendor\\laravel\\framework\\src\\Illuminate\\Container\\Container.php(912): ReflectionClass->__construct('config')
#1 C:\\xampp\\htdocs\\pizzeria\\example-app\\vendor\\laravel\\framework\\src\\Illuminate\\Container\\Container.php(795): Illuminate\\Container\\Container->build('config')
#2 C:\\xampp\\htdocs\\pizzeria\\example-app\\vendor\\laravel\\framework\\src\\Illuminate\\Foundation\\Application.php(933): Illuminate\\Container\\Container->resolve('config', Array, true)
#3 C:\\xampp\\htdocs\\pizzeria\\example-app\\vendor\\laravel\\framework\\src\\Illuminate\\Container\\Container.php(731): Illuminate\\Foundation\\Application->resolve('config', Array)
#4 C:\\xampp\\htdocs\\pizzeria\\example-app\\vendor\\laravel\\framework\\src\\Illuminate\\Foundation\\Application.php(918): Illuminate\\Container\\Container->make('config', Array)
#5 C:\\xampp\\htdocs\\pizzeria\\example-app\\vendor\\laravel\\framework\\src\\Illuminate\\Foundation\\helpers.php(120): Illuminate\\Foundation\\Application->make('config', Array)
#6 C:\\xampp\\htdocs\\pizzeria\\example-app\\vendor\\laravel\\framework\\src\\Illuminate\\Foundation\\helpers.php(274): app('config')
#7 C:\\xampp\\htdocs\\pizzeria\\example-app\\vendor\\laravel\\sanctum\\src\\Sanctum.php(44): config('app.url')
#8 C:\\xampp\\htdocs\\pizzeria\\example-app\\config\\sanctum.php(21): Laravel\\Sanctum\\Sanctum::currentApplicationUrlWithPort()
#9 C:\\xampp\\htdocs\\pizzeria\\example-app\\vendor\\laravel\\framework\\src\\Illuminate\\Foundation\\Bootstrap\\LoadConfiguration.php(70): require('C:\\\\xampp\\\\htdocs...')
#10 C:\\xampp\\htdocs\\pizzeria\\example-app\\vendor\\laravel\\framework\\src\\Illuminate\\Foundation\\Bootstrap\\LoadConfiguration.php(39): Illuminate\\Foundation\\Bootstrap\\LoadConfiguration->loadConfigurationFiles(Object(Illuminate\\Foundation\\Application), Object(Illuminate\\Config\\Repository))
#11 C:\\xampp\\htdocs\\pizzeria\\example-app\\vendor\\laravel\\framework\\src\\Illuminate\\Foundation\\Application.php(261): Illuminate\\Foundation\\Bootstrap\\LoadConfiguration->bootstrap(Object(Illuminate\\Foundation\\Application))
#12 C:\\xampp\\htdocs\\pizzeria\\example-app\\vendor\\laravel\\framework\\src\\Illuminate\\Foundation\\Console\\Kernel.php(434): Illuminate\\Foundation\\Application->bootstrapWith(Array)
#13 C:\\xampp\\htdocs\\pizzeria\\example-app\\vendor\\laravel\\framework\\src\\Illuminate\\Foundation\\Console\\Kernel.php(198): Illuminate\\Foundation\\Console\\Kernel->bootstrap()
#14 C:\\xampp\\htdocs\\pizzeria\\example-app\\artisan(37): Illuminate\\Foundation\\Console\\Kernel->handle(Object(Symfony\\Component\\Console\\Input\\ArgvInput), Object(Symfony\\Component\\Console\\Output\\ConsoleOutput))
#15 {main}
"} 
[2026-02-09 23:31:08] production.ERROR: Target class [config] does not exist. {"exception":"[object] (Illuminate\\Contracts\\Container\\BindingResolutionException(code: 0): Target class [config] does not exist. at C:\\xampp\\htdocs\\pizzeria\\example-app\\vendor\\laravel\\framework\\src\\Illuminate\\Container\\Container.php:914)
[stacktrace]
#0 C:\\xampp\\htdocs\\pizzeria\\example-app\\vendor\\laravel\\framework\\src\\Illuminate\\Container\\Container.php(795): Illuminate\\Container\\Container->build('config')
#1 C:\\xampp\\htdocs\\pizzeria\\example-app\\vendor\\laravel\\framework\\src\\Illuminate\\Foundation\\Application.php(933): Illuminate\\Container\\Container->resolve('config', Array, true)
#2 C:\\xampp\\htdocs\\pizzeria\\example-app\\vendor\\laravel\\framework\\src\\Illuminate\\Container\\Container.php(731): Illuminate\\Foundation\\Application->resolve('config', Array)
#3 C:\\xampp\\htdocs\\pizzeria\\example-app\\vendor\\laravel\\framework\\src\\Illuminate\\Foundation\\Application.php(918): Illuminate\\Container\\Container->make('config', Array)
#4 C:\\xampp\\htdocs\\pizzeria\\example-app\\vendor\\laravel\\framework\\src\\Illuminate\\Foundation\\helpers.php(120): Illuminate\\Foundation\\Application->make('config', Array)
#5 C:\\xampp\\htdocs\\pizzeria\\example-app\\vendor\\laravel\\framework\\src\\Illuminate\\Foundation\\helpers.php(274): app('config')
#6 C:\\xampp\\htdocs\\pizzeria\\example-app\\vendor\\laravel\\sanctum\\src\\Sanctum.php(44): config('app.url')
#7 C:\\xampp\\htdocs\\pizzeria\\example-app\\config\\sanctum.php(21): Laravel\\Sanctum\\Sanctum::currentApplicationUrlWithPort()
#8 C:\\xampp\\htdocs\\pizzeria\\example-app\\vendor\\laravel\\framework\\src\\Illuminate\\Foundation\\Bootstrap\\LoadConfiguration.php(70): require('C:\\\\xampp\\\\htdocs...')
#9 C:\\xampp\\htdocs\\pizzeria\\example-app\\vendor\\laravel\\framework\\src\\Illuminate\\Foundation\\Bootstrap\\LoadConfiguration.php(39): Illuminate\\Foundation\\Bootstrap\\LoadConfiguration->loadConfigurationFiles(Object(Illuminate\\Foundation\\Application), Object(Illuminate\\Config\\Repository))
#10 C:\\xampp\\htdocs\\pizzeria\\example-app\\vendor\\laravel\\framework\\src\\Illuminate\\Foundation\\Application.php(261): Illuminate\\Foundation\\Bootstrap\\LoadConfiguration->bootstrap(Object(Illuminate\\Foundation\\Application))
#11 C:\\xampp\\htdocs\\pizzeria\\example-app\\vendor\\laravel\\framework\\src\\Illuminate\\Foundation\\Console\\Kernel.php(434): Illuminate\\Foundation\\Application->bootstrapWith(Array)
#12 C:\\xampp\\htdocs\\pizzeria\\example-app\\vendor\\laravel\\framework\\src\\Illuminate\\Foundation\\Console\\Kernel.php(198): Illuminate\\Foundation\\Console\\Kernel->bootstrap()
#13 C:\\xampp\\htdocs\\pizzeria\\example-app\\artisan(37): Illuminate\\Foundation\\Console\\Kernel->handle(Object(Symfony\\Component\\Console\\Input\\ArgvInput), Object(Symfony\\Component\\Console\\Output\\ConsoleOutput))
#14 {main}

[previous exception] [object] (ReflectionException(code: -1): Class \"config\" does not exist at C:\\xampp\\htdocs\\pizzeria\\example-app\\vendor\\laravel\\framework\\src\\Illuminate\\Container\\Container.php:912)
[stacktrace]
#0 C:\\xampp\\htdocs\\pizzeria\\example-app\\vendor\\laravel\\framework\\src\\Illuminate\\Container\\Container.php(912): ReflectionClass->__construct('config')
#1 C:\\xampp\\htdocs\\pizzeria\\example-app\\vendor\\laravel\\framework\\src\\Illuminate\\Container\\Container.php(795): Illuminate\\Container\\Container->build('config')
#2 C:\\xampp\\htdocs\\pizzeria\\example-app\\vendor\\laravel\\framework\\src\\Illuminate\\Foundation\\Application.php(933): Illuminate\\Container\\Container->resolve('config', Array, true)
#3 C:\\xampp\\htdocs\\pizzeria\\example-app\\vendor\\laravel\\framework\\src\\Illuminate\\Container\\Container.php(731): Illuminate\\Foundation\\Application->resolve('config', Array)
#4 C:\\xampp\\htdocs\\pizzeria\\example-app\\vendor\\laravel\\framework\\src\\Illuminate\\Foundation\\Application.php(918): Illuminate\\Container\\Container->make('config', Array)
#5 C:\\xampp\\htdocs\\pizzeria\\example-app\\vendor\\laravel\\framework\\src\\Illuminate\\Foundation\\helpers.php(120): Illuminate\\Foundation\\Application->make('config', Array)
#6 C:\\xampp\\htdocs\\pizzeria\\example-app\\vendor\\laravel\\framework\\src\\Illuminate\\Foundation\\helpers.php(274): app('config')
#7 C:\\xampp\\htdocs\\pizzeria\\example-app\\vendor\\laravel\\sanctum\\src\\Sanctum.php(44): config('app.url')
#8 C:\\xampp\\htdocs\\pizzeria\\example-app\\config\\sanctum.php(21): Laravel\\Sanctum\\Sanctum::currentApplicationUrlWithPort()
#9 C:\\xampp\\htdocs\\pizzeria\\example-app\\vendor\\laravel\\framework\\src\\Illuminate\\Foundation\\Bootstrap\\LoadConfiguration.php(70): require('C:\\\\xampp\\\\htdocs...')
#10 C:\\xampp\\htdocs\\pizzeria\\example-app\\vendor\\laravel\\framework\\src\\Illuminate\\Foundation\\Bootstrap\\LoadConfiguration.php(39): Illuminate\\Foundation\\Bootstrap\\LoadConfiguration->loadConfigurationFiles(Object(Illuminate\\Foundation\\Application), Object(Illuminate\\Config\\Repository))
#11 C:\\xampp\\htdocs\\pizzeria\\example-app\\vendor\\laravel\\framework\\src\\Illuminate\\Foundation\\Application.php(261): Illuminate\\Foundation\\Bootstrap\\LoadConfiguration->bootstrap(Object(Illuminate\\Foundation\\Application))
#12 C:\\xampp\\htdocs\\pizzeria\\example-app\\vendor\\laravel\\framework\\src\\Illuminate\\Foundation\\Console\\Kernel.php(434): Illuminate\\Foundation\\Application->bootstrapWith(Array)
#13 C:\\xampp\\htdocs\\pizzeria\\example-app\\vendor\\laravel\\framework\\src\\Illuminate\\Foundation\\Console\\Kernel.php(198): Illuminate\\Foundation\\Console\\Kernel->bootstrap()
#14 C:\\xampp\\htdocs\\pizzeria\\example-app\\artisan(37): Illuminate\\Foundation\\Console\\Kernel->handle(Object(Symfony\\Component\\Console\\Input\\ArgvInput), Object(Symfony\\Component\\Console\\Output\\ConsoleOutput))
#15 {main}
"} 
[2026-02-09 23:32:35] production.ERROR: Target class [config] does not exist. {"exception":"[object] (Illuminate\\Contracts\\Container\\BindingResolutionException(code: 0): Target class [config] does not exist. at C:\\xampp\\htdocs\\pizzeria\\example-app\\vendor\\laravel\\framework\\src\\Illuminate\\Container\\Container.php:914)
[stacktrace]
#0 C:\\xampp\\htdocs\\pizzeria\\example-app\\vendor\\laravel\\framework\\src\\Illuminate\\Container\\Container.php(795): Illuminate\\Container\\Container->build('config')
#1 C:\\xampp\\htdocs\\pizzeria\\example-app\\vendor\\laravel\\framework\\src\\Illuminate\\Foundation\\Application.php(933): Illuminate\\Container\\Container->resolve('config', Array, true)
#2 C:\\xampp\\htdocs\\pizzeria\\example-app\\vendor\\laravel\\framework\\src\\Illuminate\\Container\\Container.php(731): Illuminate\\Foundation\\Application->resolve('config', Array)
#3 C:\\xampp\\htdocs\\pizzeria\\example-app\\vendor\\laravel\\framework\\src\\Illuminate\\Foundation\\Application.php(918): Illuminate\\Container\\Container->make('config', Array)
#4 C:\\xampp\\htdocs\\pizzeria\\example-app\\vendor\\laravel\\framework\\src\\Illuminate\\Foundation\\helpers.php(120): Illuminate\\Foundation\\Application->make('config', Array)
#5 C:\\xampp\\htdocs\\pizzeria\\example-app\\vendor\\laravel\\framework\\src\\Illuminate\\Foundation\\helpers.php(274): app('config')
#6 C:\\xampp\\htdocs\\pizzeria\\example-app\\vendor\\laravel\\sanctum\\src\\Sanctum.php(44): config('app.url')
#7 C:\\xampp\\htdocs\\pizzeria\\example-app\\config\\sanctum.php(21): Laravel\\Sanctum\\Sanctum::currentApplicationUrlWithPort()
#8 C:\\xampp\\htdocs\\pizzeria\\example-app\\vendor\\laravel\\framework\\src\\Illuminate\\Foundation\\Bootstrap\\LoadConfiguration.php(70): require('C:\\\\xampp\\\\htdocs...')
#9 C:\\xampp\\htdocs\\pizzeria\\example-app\\vendor\\laravel\\framework\\src\\Illuminate\\Foundation\\Bootstrap\\LoadConfiguration.php(39): Illuminate\\Foundation\\Bootstrap\\LoadConfiguration->loadConfigurationFiles(Object(Illuminate\\Foundation\\Application), Object(Illuminate\\Config\\Repository))
#10 C:\\xampp\\htdocs\\pizzeria\\example-app\\vendor\\laravel\\framework\\src\\Illuminate\\Foundation\\Application.php(261): Illuminate\\Foundation\\Bootstrap\\LoadConfiguration->bootstrap(Object(Illuminate\\Foundation\\Application))
#11 C:\\xampp\\htdocs\\pizzeria\\example-app\\vendor\\laravel\\framework\\src\\Illuminate\\Foundation\\Console\\Kernel.php(434): Illuminate\\Foundation\\Application->bootstrapWith(Array)
#12 C:\\xampp\\htdocs\\pizzeria\\example-app\\vendor\\laravel\\framework\\src\\Illuminate\\Foundation\\Console\\Kernel.php(198): Illuminate\\Foundation\\Console\\Kernel->bootstrap()
#13 C:\\xampp\\htdocs\\pizzeria\\example-app\\artisan(37): Illuminate\\Foundation\\Console\\Kernel->handle(Object(Symfony\\Component\\Console\\Input\\ArgvInput), Object(Symfony\\Component\\Console\\Output\\ConsoleOutput))
#14 {main}

[previous exception] [object] (ReflectionException(code: -1): Class \"config\" does not exist at C:\\xampp\\htdocs\\pizzeria\\example-app\\vendor\\laravel\\framework\\src\\Illuminate\\Container\\Container.php:912)
[stacktrace]
#0 C:\\xampp\\htdocs\\pizzeria\\example-app\\vendor\\laravel\\framework\\src\\Illuminate\\Container\\Container.php(912): ReflectionClass->__construct('config')
#1 C:\\xampp\\htdocs\\pizzeria\\example-app\\vendor\\laravel\\framework\\src\\Illuminate\\Container\\Container.php(795): Illuminate\\Container\\Container->build('config')
#2 C:\\xampp\\htdocs\\pizzeria\\example-app\\vendor\\laravel\\framework\\src\\Illuminate\\Foundation\\Application.php(933): Illuminate\\Container\\Container->resolve('config', Array, true)
#3 C:\\xampp\\htdocs\\pizzeria\\example-app\\vendor\\laravel\\framework\\src\\Illuminate\\Container\\Container.php(731): Illuminate\\Foundation\\Application->resolve('config', Array)
#4 C:\\xampp\\htdocs\\pizzeria\\example-app\\vendor\\laravel\\framework\\src\\Illuminate\\Foundation\\Application.php(918): Illuminate\\Container\\Container->make('config', Array)
#5 C:\\xampp\\htdocs\\pizzeria\\example-app\\vendor\\laravel\\framework\\src\\Illuminate\\Foundation\\helpers.php(120): Illuminate\\Foundation\\Application->make('config', Array)
#6 C:\\xampp\\htdocs\\pizzeria\\example-app\\vendor\\laravel\\framework\\src\\Illuminate\\Foundation\\helpers.php(274): app('config')
#7 C:\\xampp\\htdocs\\pizzeria\\example-app\\vendor\\laravel\\sanctum\\src\\Sanctum.php(44): config('app.url')
#8 C:\\xampp\\htdocs\\pizzeria\\example-app\\config\\sanctum.php(21): Laravel\\Sanctum\\Sanctum::currentApplicationUrlWithPort()
#9 C:\\xampp\\htdocs\\pizzeria\\example-app\\vendor\\laravel\\framework\\src\\Illuminate\\Foundation\\Bootstrap\\LoadConfiguration.php(70): require('C:\\\\xampp\\\\htdocs...')
#10 C:\\xampp\\htdocs\\pizzeria\\example-app\\vendor\\laravel\\framework\\src\\Illuminate\\Foundation\\Bootstrap\\LoadConfiguration.php(39): Illuminate\\Foundation\\Bootstrap\\LoadConfiguration->loadConfigurationFiles(Object(Illuminate\\Foundation\\Application), Object(Illuminate\\Config\\Repository))
#11 C:\\xampp\\htdocs\\pizzeria\\example-app\\vendor\\laravel\\framework\\src\\Illuminate\\Foundation\\Application.php(261): Illuminate\\Foundation\\Bootstrap\\LoadConfiguration->bootstrap(Object(Illuminate\\Foundation\\Application))
#12 C:\\xampp\\htdocs\\pizzeria\\example-app\\vendor\\laravel\\framework\\src\\Illuminate\\Foundation\\Console\\Kernel.php(434): Illuminate\\Foundation\\Application->bootstrapWith(Array)
#13 C:\\xampp\\htdocs\\pizzeria\\example-app\\vendor\\laravel\\framework\\src\\Illuminate\\Foundation\\Console\\Kernel.php(198): Illuminate\\Foundation\\Console\\Kernel->bootstrap()
#14 C:\\xampp\\htdocs\\pizzeria\\example-app\\artisan(37): Illuminate\\Foundation\\Console\\Kernel->handle(Object(Symfony\\Component\\Console\\Input\\ArgvInput), Object(Symfony\\Component\\Console\\Output\\ConsoleOutput))
#15 {main}
"} 
[2026-02-09 23:37:33] production.ERROR: Target class [config] does not exist. {"exception":"[object] (Illuminate\\Contracts\\Container\\BindingResolutionException(code: 0): Target class [config] does not exist. at C:\\xampp\\htdocs\\pizzeria\\example-app\\vendor\\laravel\\framework\\src\\Illuminate\\Container\\Container.php:914)
[stacktrace]
#0 C:\\xampp\\htdocs\\pizzeria\\example-app\\vendor\\laravel\\framework\\src\\Illuminate\\Container\\Container.php(795): Illuminate\\Container\\Container->build('config')
#1 C:\\xampp\\htdocs\\pizzeria\\example-app\\vendor\\laravel\\framework\\src\\Illuminate\\Foundation\\Application.php(933): Illuminate\\Container\\Container->resolve('config', Array, true)
#2 C:\\xampp\\htdocs\\pizzeria\\example-app\\vendor\\laravel\\framework\\src\\Illuminate\\Container\\Container.php(731): Illuminate\\Foundation\\Application->resolve('config', Array)
#3 C:\\xampp\\htdocs\\pizzeria\\example-app\\vendor\\laravel\\framework\\src\\Illuminate\\Foundation\\Application.php(918): Illuminate\\Container\\Container->make('config', Array)
#4 C:\\xampp\\htdocs\\pizzeria\\example-app\\vendor\\laravel\\framework\\src\\Illuminate\\Foundation\\helpers.php(120): Illuminate\\Foundation\\Application->make('config', Array)
#5 C:\\xampp\\htdocs\\pizzeria\\example-app\\vendor\\laravel\\framework\\src\\Illuminate\\Foundation\\helpers.php(274): app('config')
#6 C:\\xampp\\htdocs\\pizzeria\\example-app\\vendor\\laravel\\sanctum\\src\\Sanctum.php(44): config('app.url')
#7 C:\\xampp\\htdocs\\pizzeria\\example-app\\config\\sanctum.php(21): Laravel\\Sanctum\\Sanctum::currentApplicationUrlWithPort()
#8 C:\\xampp\\htdocs\\pizzeria\\example-app\\vendor\\laravel\\framework\\src\\Illuminate\\Foundation\\Bootstrap\\LoadConfiguration.php(70): require('C:\\\\xampp\\\\htdocs...')
#9 C:\\xampp\\htdocs\\pizzeria\\example-app\\vendor\\laravel\\framework\\src\\Illuminate\\Foundation\\Bootstrap\\LoadConfiguration.php(39): Illuminate\\Foundation\\Bootstrap\\LoadConfiguration->loadConfigurationFiles(Object(Illuminate\\Foundation\\Application), Object(Illuminate\\Config\\Repository))
#10 C:\\xampp\\htdocs\\pizzeria\\example-app\\vendor\\laravel\\framework\\src\\Illuminate\\Foundation\\Application.php(261): Illuminate\\Foundation\\Bootstrap\\LoadConfiguration->bootstrap(Object(Illuminate\\Foundation\\Application))
#11 C:\\xampp\\htdocs\\pizzeria\\example-app\\vendor\\laravel\\framework\\src\\Illuminate\\Foundation\\Console\\Kernel.php(434): Illuminate\\Foundation\\Application->bootstrapWith(Array)
#12 C:\\xampp\\htdocs\\pizzeria\\example-app\\vendor\\laravel\\framework\\src\\Illuminate\\Foundation\\Console\\Kernel.php(198): Illuminate\\Foundation\\Console\\Kernel->bootstrap()
#13 C:\\xampp\\htdocs\\pizzeria\\example-app\\artisan(37): Illuminate\\Foundation\\Console\\Kernel->handle(Object(Symfony\\Component\\Console\\Input\\ArgvInput), Object(Symfony\\Component\\Console\\Output\\ConsoleOutput))
#14 {main}

[previous exception] [object] (ReflectionException(code: -1): Class \"config\" does not exist at C:\\xampp\\htdocs\\pizzeria\\example-app\\vendor\\laravel\\framework\\src\\Illuminate\\Container\\Container.php:912)
[stacktrace]
#0 C:\\xampp\\htdocs\\pizzeria\\example-app\\vendor\\laravel\\framework\\src\\Illuminate\\Container\\Container.php(912): ReflectionClass->__construct('config')
#1 C:\\xampp\\htdocs\\pizzeria\\example-app\\vendor\\laravel\\framework\\src\\Illuminate\\Container\\Container.php(795): Illuminate\\Container\\Container->build('config')
#2 C:\\xampp\\htdocs\\pizzeria\\example-app\\vendor\\laravel\\framework\\src\\Illuminate\\Foundation\\Application.php(933): Illuminate\\Container\\Container->resolve('config', Array, true)
#3 C:\\xampp\\htdocs\\pizzeria\\example-app\\vendor\\laravel\\framework\\src\\Illuminate\\Container\\Container.php(731): Illuminate\\Foundation\\Application->resolve('config', Array)
#4 C:\\xampp\\htdocs\\pizzeria\\example-app\\vendor\\laravel\\framework\\src\\Illuminate\\Foundation\\Application.php(918): Illuminate\\Container\\Container->make('config', Array)
#5 C:\\xampp\\htdocs\\pizzeria\\example-app\\vendor\\laravel\\framework\\src\\Illuminate\\Foundation\\helpers.php(120): Illuminate\\Foundation\\Application->make('config', Array)
#6 C:\\xampp\\htdocs\\pizzeria\\example-app\\vendor\\laravel\\framework\\src\\Illuminate\\Foundation\\helpers.php(274): app('config')
#7 C:\\xampp\\htdocs\\pizzeria\\example-app\\vendor\\laravel\\sanctum\\src\\Sanctum.php(44): config('app.url')
#8 C:\\xampp\\htdocs\\pizzeria\\example-app\\config\\sanctum.php(21): Laravel\\Sanctum\\Sanctum::currentApplicationUrlWithPort()
#9 C:\\xampp\\htdocs\\pizzeria\\example-app\\vendor\\laravel\\framework\\src\\Illuminate\\Foundation\\Bootstrap\\LoadConfiguration.php(70): require('C:\\\\xampp\\\\htdocs...')
#10 C:\\xampp\\htdocs\\pizzeria\\example-app\\vendor\\laravel\\framework\\src\\Illuminate\\Foundation\\Bootstrap\\LoadConfiguration.php(39): Illuminate\\Foundation\\Bootstrap\\LoadConfiguration->loadConfigurationFiles(Object(Illuminate\\Foundation\\Application), Object(Illuminate\\Config\\Repository))
#11 C:\\xampp\\htdocs\\pizzeria\\example-app\\vendor\\laravel\\framework\\src\\Illuminate\\Foundation\\Application.php(261): Illuminate\\Foundation\\Bootstrap\\LoadConfiguration->bootstrap(Object(Illuminate\\Foundation\\Application))
#12 C:\\xampp\\htdocs\\pizzeria\\example-app\\vendor\\laravel\\framework\\src\\Illuminate\\Foundation\\Console\\Kernel.php(434): Illuminate\\Foundation\\Application->bootstrapWith(Array)
#13 C:\\xampp\\htdocs\\pizzeria\\example-app\\vendor\\laravel\\framework\\src\\Illuminate\\Foundation\\Console\\Kernel.php(198): Illuminate\\Foundation\\Console\\Kernel->bootstrap()
#14 C:\\xampp\\htdocs\\pizzeria\\example-app\\artisan(37): Illuminate\\Foundation\\Console\\Kernel->handle(Object(Symfony\\Component\\Console\\Input\\ArgvInput), Object(Symfony\\Component\\Console\\Output\\ConsoleOutput))
#15 {main}
"} 
[2026-02-09 23:37:50] production.ERROR: Target class [config] does not exist. {"exception":"[object] (Illuminate\\Contracts\\Container\\BindingResolutionException(code: 0): Target class [config] does not exist. at C:\\xampp\\htdocs\\pizzeria\\example-app\\vendor\\laravel\\framework\\src\\Illuminate\\Container\\Container.php:914)
[stacktrace]
#0 C:\\xampp\\htdocs\\pizzeria\\example-app\\vendor\\laravel\\framework\\src\\Illuminate\\Container\\Container.php(795): Illuminate\\Container\\Container->build('config')
#1 C:\\xampp\\htdocs\\pizzeria\\example-app\\vendor\\laravel\\framework\\src\\Illuminate\\Foundation\\Application.php(933): Illuminate\\Container\\Container->resolve('config', Array, true)
#2 C:\\xampp\\htdocs\\pizzeria\\example-app\\vendor\\laravel\\framework\\src\\Illuminate\\Container\\Container.php(731): Illuminate\\Foundation\\Application->resolve('config', Array)
#3 C:\\xampp\\htdocs\\pizzeria\\example-app\\vendor\\laravel\\framework\\src\\Illuminate\\Foundation\\Application.php(918): Illuminate\\Container\\Container->make('config', Array)
#4 C:\\xampp\\htdocs\\pizzeria\\example-app\\vendor\\laravel\\framework\\src\\Illuminate\\Foundation\\helpers.php(120): Illuminate\\Foundation\\Application->make('config', Array)
#5 C:\\xampp\\htdocs\\pizzeria\\example-app\\vendor\\laravel\\framework\\src\\Illuminate\\Foundation\\helpers.php(274): app('config')
#6 C:\\xampp\\htdocs\\pizzeria\\example-app\\vendor\\laravel\\sanctum\\src\\Sanctum.php(44): config('app.url')
#7 C:\\xampp\\htdocs\\pizzeria\\example-app\\config\\sanctum.php(21): Laravel\\Sanctum\\Sanctum::currentApplicationUrlWithPort()
#8 C:\\xampp\\htdocs\\pizzeria\\example-app\\vendor\\laravel\\framework\\src\\Illuminate\\Foundation\\Bootstrap\\LoadConfiguration.php(70): require('C:\\\\xampp\\\\htdocs...')
#9 C:\\xampp\\htdocs\\pizzeria\\example-app\\vendor\\laravel\\framework\\src\\Illuminate\\Foundation\\Bootstrap\\LoadConfiguration.php(39): Illuminate\\Foundation\\Bootstrap\\LoadConfiguration->loadConfigurationFiles(Object(Illuminate\\Foundation\\Application), Object(Illuminate\\Config\\Repository))
#10 C:\\xampp\\htdocs\\pizzeria\\example-app\\vendor\\laravel\\framework\\src\\Illuminate\\Foundation\\Application.php(261): Illuminate\\Foundation\\Bootstrap\\LoadConfiguration->bootstrap(Object(Illuminate\\Foundation\\Application))
#11 C:\\xampp\\htdocs\\pizzeria\\example-app\\vendor\\laravel\\framework\\src\\Illuminate\\Foundation\\Console\\Kernel.php(434): Illuminate\\Foundation\\Application->bootstrapWith(Array)
#12 C:\\xampp\\htdocs\\pizzeria\\example-app\\vendor\\laravel\\framework\\src\\Illuminate\\Foundation\\Console\\Kernel.php(198): Illuminate\\Foundation\\Console\\Kernel->bootstrap()
#13 C:\\xampp\\htdocs\\pizzeria\\example-app\\artisan(37): Illuminate\\Foundation\\Console\\Kernel->handle(Object(Symfony\\Component\\Console\\Input\\ArgvInput), Object(Symfony\\Component\\Console\\Output\\ConsoleOutput))
#14 {main}

[previous exception] [object] (ReflectionException(code: -1): Class \"config\" does not exist at C:\\xampp\\htdocs\\pizzeria\\example-app\\vendor\\laravel\\framework\\src\\Illuminate\\Container\\Container.php:912)
[stacktrace]
#0 C:\\xampp\\htdocs\\pizzeria\\example-app\\vendor\\laravel\\framework\\src\\Illuminate\\Container\\Container.php(912): ReflectionClass->__construct('config')
#1 C:\\xampp\\htdocs\\pizzeria\\example-app\\vendor\\laravel\\framework\\src\\Illuminate\\Container\\Container.php(795): Illuminate\\Container\\Container->build('config')
#2 C:\\xampp\\htdocs\\pizzeria\\example-app\\vendor\\laravel\\framework\\src\\Illuminate\\Foundation\\Application.php(933): Illuminate\\Container\\Container->resolve('config', Array, true)
#3 C:\\xampp\\htdocs\\pizzeria\\example-app\\vendor\\laravel\\framework\\src\\Illuminate\\Container\\Container.php(731): Illuminate\\Foundation\\Application->resolve('config', Array)
#4 C:\\xampp\\htdocs\\pizzeria\\example-app\\vendor\\laravel\\framework\\src\\Illuminate\\Foundation\\Application.php(918): Illuminate\\Container\\Container->make('config', Array)
#5 C:\\xampp\\htdocs\\pizzeria\\example-app\\vendor\\laravel\\framework\\src\\Illuminate\\Foundation\\helpers.php(120): Illuminate\\Foundation\\Application->make('config', Array)
#6 C:\\xampp\\htdocs\\pizzeria\\example-app\\vendor\\laravel\\framework\\src\\Illuminate\\Foundation\\helpers.php(274): app('config')
#7 C:\\xampp\\htdocs\\pizzeria\\example-app\\vendor\\laravel\\sanctum\\src\\Sanctum.php(44): config('app.url')
#8 C:\\xampp\\htdocs\\pizzeria\\example-app\\config\\sanctum.php(21): Laravel\\Sanctum\\Sanctum::currentApplicationUrlWithPort()
#9 C:\\xampp\\htdocs\\pizzeria\\example-app\\vendor\\laravel\\framework\\src\\Illuminate\\Foundation\\Bootstrap\\LoadConfiguration.php(70): require('C:\\\\xampp\\\\htdocs...')
#10 C:\\xampp\\htdocs\\pizzeria\\example-app\\vendor\\laravel\\framework\\src\\Illuminate\\Foundation\\Bootstrap\\LoadConfiguration.php(39): Illuminate\\Foundation\\Bootstrap\\LoadConfiguration->loadConfigurationFiles(Object(Illuminate\\Foundation\\Application), Object(Illuminate\\Config\\Repository))
#11 C:\\xampp\\htdocs\\pizzeria\\example-app\\vendor\\laravel\\framework\\src\\Illuminate\\Foundation\\Application.php(261): Illuminate\\Foundation\\Bootstrap\\LoadConfiguration->bootstrap(Object(Illuminate\\Foundation\\Application))
#12 C:\\xampp\\htdocs\\pizzeria\\example-app\\vendor\\laravel\\framework\\src\\Illuminate\\Foundation\\Console\\Kernel.php(434): Illuminate\\Foundation\\Application->bootstrapWith(Array)
#13 C:\\xampp\\htdocs\\pizzeria\\example-app\\vendor\\laravel\\framework\\src\\Illuminate\\Foundation\\Console\\Kernel.php(198): Illuminate\\Foundation\\Console\\Kernel->bootstrap()
#14 C:\\xampp\\htdocs\\pizzeria\\example-app\\artisan(37): Illuminate\\Foundation\\Console\\Kernel->handle(Object(Symfony\\Component\\Console\\Input\\ArgvInput), Object(Symfony\\Component\\Console\\Output\\ConsoleOutput))
#15 {main}
"} 
